Country Name,Year,"Government expenditure on education, total (% of GDP)",CO2 emissions (kt),Forest area (sq. km),GDP per capita,Population
Afghanistan,2012,3.32,8080.0,12084.4,663.14,30466479
Albania,2012,2.93,4360.0,7849.17,4247.63,2900401
Algeria,2012,7.64,134929.99,19332.0,5610.73,37260563
American Samoa,2012,,,173.7,11920.06,53691
Andorra,2012,,490.0,160.0,44904.58,71013
Angola,2012,3.08,23870.0,710478.76,4962.55,25188292
Antigua and Barbuda,2012,2.49,700.0,86.48,13686.48,87674
Argentina,2012,5.35,177960.01,297672.0,13082.66,41733271
Armenia,2012,2.77,5720.0,3301.44,3643.72,2914421
Aruba,2012,6.55,,4.2,25609.96,102112
Australia,2012,4.87,386970.0,1309654.6,68044.71,22733465
Austria,2012,5.48,65110.0,38703.96,48564.92,8429991
Azerbaijan,2012,2.07,30110.0,10506.52,7496.29,9295784
"Bahamas, The",2012,2.61,3550.0,5098.6,28059.66,382061
Bahrain,2012,2.65,27170.0,5.52,25102.73,1224939
Bangladesh,2012,2.05,57990.0,18863.65,876.82,152090649
Barbados,2012,5.26,2120.0,63.0,16691.33,276197
Belarus,2012,4.96,59940.0,86314.0,6953.13,9446836
Belgium,2012,6.26,95270.0,6896.42,44670.56,11106932
Belize,2012,,670.0,13679.66,5645.9,337059
Benin,2012,3.56,4440.0,35351.5,1112.57,10014078
Bermuda,2012,,,10.0,98431.87,64798
Bhutan,2012,7.77,640.0,27092.46,2470.07,721145
Bolivia,2012,7.9,17420.0,526624.94,2562.47,10569697
Bosnia and Herzegovina,2012,,21960.0,21257.96,4688.38,3674374
Botswana,2012,,3410.0,162011.0,6393.01,2175425
Brazil,2012,5.86,454230.01,5085023.4,12327.32,199977707
British Virgin Islands,2012,3.57,,36.32,,28421
Brunei Darussalam,2012,2.89,7300.0,3800.0,46842.96,406634
Bulgaria,2012,3.48,45020.0,37754.0,7432.48,7305888
Burkina Faso,2012,3.6,2940.0,66164.6,733.97,17113732
Burundi,2012,6.17,370.0,2282.2,238.21,9795479
Cabo Verde,2012,5.07,530.0,433.2,3262.65,533864
Cambodia,2012,1.62,5670.0,98922.66,950.48,14786640
Cameroon,2012,2.6,6880.0,207884.8,1433.72,21032684
Canada,2012,4.69,546210.02,3472396.1,52669.09,34714222
Cayman Islands,2012,,,127.2,75468.85,56860
Central African Republic,2012,1.98,200.0,225430.0,525.87,4773306
Chad,2012,2.21,1860.0,52740.0,969.62,12754906
Channel Islands,2012,,,,,158621
Chile,2012,4.54,78410.0,170735.88,15406.49,17341771
China,2012,4.08,9541870.12,2044839.28,6300.62,1354190000
Colombia,2012,4.37,69700.0,605385.38,8101.83,45782417
Comoros,2012,2.75,160.0,364.24,1483.95,684553
"Congo, Dem. Rep.",2012,,2830.0,1349662.48,412.78,70997870
"Congo, Rep.",2012,2.74,5260.0,220510.0,3753.86,4713257
Costa Rica,2012,6.58,7450.0,29039.32,9971.65,4736593
Cote d'Ivoire,2012,3.43,8040.0,37398.08,1649.3,22010712
Croatia,2012,4.78,17410.0,19208.0,13443.14,4267558
Cuba,2012,0.0,28690.0,30328.0,6467.34,11309290
Curacao,2012,6.08,,0.7,19886.68,152088
Cyprus,2012,5.91,7100.0,1727.88,28993.35,1156556
Czechia,2012,4.22,106070.0,26617.84,19870.8,10510785
Denmark,2012,7.24,38220.0,6017.66,58507.51,5591572
Djibouti,2012,6.35,500.0,56.0,1418.46,954297
Dominica,2012,,250.0,478.7,7054.88,68888
Dominican Republic,2012,2.5,21680.0,20853.32,6049.47,10030882
Ecuador,2012,4.64,37090.0,129445.86,5678.46,15483883
"Egypt, Arab Rep.",2012,3.37,215000.0,587.52,3059.14,91240376
El Salvador,2012,3.71,6770.0,6198.8,3471.05,6161289
Equatorial Guinea,2012,,9820.0,25152.94,18756.43,1193636
Eritrea,2012,,620.0,10805.4,,3252596
Estonia,2012,4.72,16890.0,23700.16,17403.21,1322696
Eswatini,2012,5.59,680.0,4878.58,4396.56,1111444
Ethiopia,2012,5.57,8480.0,176525.0,458.55,94451280
Faroe Islands,2012,8.0,,0.8,50156.85,48392
Fiji,2012,4.72,1030.0,10865.92,4359.78,911059
Finland,2012,7.15,49410.0,223088.0,47708.06,5413971
France,2012,5.46,338420.01,165858.0,40870.85,65662240
French Polynesia,2012,,,1494.6,19864.54,286584
Gabon,2012,3.01,5600.0,236256.46,9348.52,1836705
"Gambia, The",2012,2.64,460.0,2885.36,686.56,2061014
Georgia,2012,1.91,7190.0,28224.0,4421.82,3728874
Germany,2012,4.96,760130.0,114130.0,43855.85,80425823
Ghana,2012,7.92,14610.0,79179.34,1536.59,26858762
Gibraltar,2012,,,0.0,,32160
Greece,2012,4.51,80090.0,39018.03,21913.0,11045011
Greenland,2012,12.87,,2.2,45936.77,56810
Grenada,2012,,410.0,177.0,6900.77,115912
Guam,2012,,,244.0,31642.15,166392
Guatemala,2012,3.01,12150.0,36678.8,3355.04,14781942
Guinea,2012,1.83,2480.0,64970.0,707.97,10788692
Guinea-Bissau,2012,2.0,250.0,20475.42,598.57,1652717
Guyana,2012,2.24,2000.0,184964.3,5461.39,743966
Haiti,2012,,2420.0,3721.68,1356.17,10108539
Honduras,2012,6.3,9240.0,65308.14,2107.35,8792367
"Hong Kong SAR, China",2012,3.51,,,36730.88,7150100
Hungary,2012,4.14,43430.0,20521.62,12984.84,9920362
Iceland,2012,7.58,1860.0,460.66,45995.55,320716
India,2012,3.87,1909439.94,700288.0,1434.02,1274487215
Indonesia,2012,3.41,481510.01,978066.8,3668.21,250222695
"Iran, Islamic Rep.",2012,3.17,559120.0,106919.8,8329.0,77324451
Iraq,2012,,129000.0,8250.0,6437.5,33864447
Ireland,2012,5.75,37130.0,7340.96,49054.7,4599533
Isle of Man,2012,,,34.6,79332.27,84338
Israel,2012,5.67,76060.0,1584.0,33156.23,7910500
Italy,2012,4.06,376750.0,91356.56,35051.52,59539717
Jamaica,2012,6.11,6960.0,5660.54,5365.24,2759817
Japan,2012,3.65,1253609.99,249572.0,49145.28,127629000
Jordan,2012,3.5,24120.0,975.0,4386.46,7211863
Kazakhstan,2012,3.9,244600.01,31726.9,12386.7,16792090
Kenya,2012,4.93,12150.0,35787.68,1289.78,43725806
Kiribati,2012,13.38,60.0,11.8,1698.92,111618
"Korea, Dem. People's Rep.",2012,,38480.0,61999.3,,24887770
"Korea, Rep.",2012,,600320.01,63670.0,25466.76,50199853
Kosovo,2012,,,,3410.86,1807106
Kuwait,2012,3.75,85310.0,62.5,51277.66,3394663
Kyrgyz Republic,2012,7.38,10060.0,12385.32,1177.97,5607200
Lao PDR,2012,1.82,3270.0,168715.0,1566.01,6508803
Latvia,2012,6.58,7570.0,33798.48,13847.34,2034319
Lebanon,2012,2.15,23470.0,1385.42,8500.18,5178337
Lesotho,2012,7.67,620.0,345.2,1205.86,2054718
Liberia,2012,1.78,950.0,78595.2,644.46,4331740
Libya,2012,,57630.0,2170.0,15764.92,5869870
Liechtenstein,2012,,190.0,67.0,149459.24,36505
Lithuania,2012,4.76,11930.0,21768.0,14367.71,2987773
Luxembourg,2012,3.88,10690.0,887.0,112584.68,530946
"Macao SAR, China",2012,3.33,,,74111.27,582766
Madagascar,2012,2.34,2740.0,125355.44,504.17,22966240
Malawi,2012,3.68,950.0,25777.0,386.91,15581251
Malaysia,2012,5.74,205810.0,191542.78,10601.51,29660212
Maldives,2012,3.34,1140.0,8.2,7447.43,387539
Mali,2012,3.48,3110.0,132960.0,753.39,16514687
Malta,2012,6.35,2720.0,3.5,22527.76,420028
Marshall Islands,2012,15.59,140.0,94.0,3445.32,52203
Mauritania,2012,2.16,2730.0,3563.6,1850.38,3636113
Mauritius,2012,3.42,3730.0,383.54,9291.23,1255882
Mexico,2012,5.1,486450.01,666983.5,10376.06,115755909
"Micronesia, Fed. Sts.",2012,,130.0,641.86,3023.59,108232
Moldova,2012,6.98,8140.0,3792.6,3044.81,2860324
Monaco,2012,1.78,,0.0,165505.18,34700
Mongolia,2012,5.96,17140.0,141816.72,4402.3,2792349
Montenegro,2012,,2330.0,8270.0,6586.72,620601
Morocco,2012,6.04,58080.0,56786.18,2907.45,33352169
Mozambique,2012,5.67,3680.0,385592.84,667.72,24487611
Myanmar,2012,1.6,11960.0,308615.76,1161.31,50218185
Namibia,2012,7.79,3530.0,72069.74,6017.16,2167470
Nauru,2012,,40.0,0.0,9280.66,10444
Nepal,2012,3.53,6000.0,59620.3,794.09,27330694
Netherlands,2012,5.41,157470.0,3700.2,50070.14,16754962
New Caledonia,2012,,,8388.2,37294.03,259000
New Zealand,2012,7.16,32110.0,98475.16,39973.38,4408100
Nicaragua,2012,,4690.0,40759.02,1746.43,6030607
Niger,2012,3.19,1890.0,11790.6,525.05,17954407
Nigeria,2012,0.55,95340.0,229333.68,2728.02,170075932
North Macedonia,2012,,9050.0,9740.18,4728.31,2061044
Northern Mariana Islands,2012,,,299.88,14247.79,52359
Norway,2012,7.37,38490.0,121176.0,101524.14,5018573
Oman,2012,4.8,60550.0,30.0,24722.64,3535579
Pakistan,2012,2.14,143810.0,40292.78,1109.68,202205861
Palau,2012,7.65,220.0,407.32,11835.38,17946
Panama,2012,,10460.0,43051.58,10767.29,3754862
Papua New Guinea,2012,,4890.0,361171.0,2653.15,8026545
Paraguay,2012,3.67,5180.0,187417.02,5617.1,5923322
Peru,2012,2.92,48120.0,737076.92,6475.69,29749589
Philippines,2012,2.52,86180.0,69094.92,2671.78,98032317
Poland,2012,4.83,303350.01,93654.0,13010.92,38063164
Portugal,2012,4.95,48220.0,32760.0,20563.71,10514844
Puerto Rico,2012,,,4924.22,27944.73,3634488
Qatar,2012,3.51,75080.0,0.0,98041.36,1905660
Romania,2012,2.96,81850.0,66693.84,8930.73,20058035
Russian Federation,2012,3.79,1675760.01,8150535.44,15420.88,143201721
Rwanda,2012,4.42,750.0,2670.0,705.76,10840334
Samoa,2012,5.16,200.0,1655.22,3902.39,198124
San Marino,2012,,,10.0,48435.94,33132
Sao Tome and Principe,2012,6.34,120.0,568.6,1319.9,189924
Saudi Arabia,2012,,492470.0,9770.0,23878.59,30821543
Senegal,2012,4.78,7450.0,83881.6,1334.73,13231833
Serbia,2012,4.16,45790.0,27156.12,6015.95,7199077
Seychelles,2012,2.61,430.0,337.0,11998.45,88303
Sierra Leone,2012,2.87,860.0,26927.08,560.04,6788587
Singapore,2012,3.07,43690.0,172.33,55546.49,5312437
Sint Maarten (Dutch part),2012,,,3.7,28460.33,34640
Slovak Republic,2012,3.87,32350.0,19194.46,17498.35,5407579
Slovenia,2012,5.62,15120.0,12474.0,22641.81,2057159
Solomon Islands,2012,8.09,350.0,25288.16,2087.52,567763
Somalia,2012,,630.0,65940.0,,12440326
South Africa,2012,5.52,426780.0,173412.9,8173.87,53145033
South Sudan,2012,1.25,1420.0,71570.0,1114.92,10701604
Spain,2012,4.47,269269.99,185476.76,28322.95,46773055
Sri Lanka,2012,1.5,16850.0,21137.0,3449.07,20425000
St. Kitts and Nevis,2012,3.63,340.0,110.0,17311.62,47727
St. Lucia,2012,3.27,750.0,207.7,9271.66,173124
St. Martin (French part),2012,,,12.4,,36026
St. Vincent and the Grenadines,2012,,360.0,285.4,6754.37,108083
Sudan,2012,,15800.0,197326.74,1797.38,35159792
Suriname,2012,,2440.0,152805.84,8922.96,558111
Sweden,2012,7.54,42140.0,280358.0,58037.82,9519374
Switzerland,2012,4.86,42520.0,12415.96,85836.21,7996861
Syrian Arab Republic,2012,,47030.0,5040.8,1910.6,22605577
Tajikistan,2012,4.02,3020.0,4147.2,959.36,7956382
Tanzania,2012,3.47,9870.0,492060.06,854.54,47786137
Thailand,2012,3.6,250679.99,200682.0,5748.63,69157023
Timor-Leste,2012,7.17,300.0,9323.0,1019.96,1137676
Togo,2012,4.72,2240.0,12329.5,559.19,6926635
Tonga,2012,,110.0,89.5,4378.65,107502
Trinidad and Tobago,2012,4.55,21520.0,2315.62,18961.23,1430377
Tunisia,2012,5.95,27790.0,6904.9,4233.89,11174383
Turkiye,2012,4.39,328880.0,213019.68,11697.48,75277439
Turkmenistan,2012,3.05,69010.0,41270.0,6441.89,5458682
Turks and Caicos Islands,2012,2.98,,105.2,22666.41,32081
Tuvalu,2012,,10.0,10.0,3624.99,10854
Uganda,2012,1.8,3780.0,26679.16,796.71,34273295
Ukraine,2012,6.44,277109.99,95916.0,4004.8,45593342
United Arab Emirates,2012,1.31,175590.0,3173.0,44386.79,8664969
United Kingdom,2012,5.66,467780.0,30974.0,42485.59,63700215
United States,2012,6.28,4956060.06,3092700.0,51784.42,313877662
Uruguay,2012,4.33,8520.0,18067.8,15206.87,3371133
Uzbekistan,2012,6.4,113140.0,34295.2,2267.62,29774500
Vanuatu,2012,,120.0,4423.0,2906.34,257313
"Venezuela, RB",2012,,181130.0,471762.0,12937.93,29470426
Vietnam,2012,5.53,155520.0,136575.8,2190.23,89301326
Virgin Islands (U.S.),2012,,,187.22,37795.32,108188
West Bank and Gaza,2012,4.74,,100.26,3067.44,3979998
"Yemen, Rep.",2012,5.46,21010.0,5490.0,1349.99,26223391
Zambia,2012,4.2,4030.0,463196.4,1729.65,14744658
Zimbabwe,2012,6.07,12010.0,178131.4,1290.19,13265331
Afghanistan,2013,3.45,5990.0,12084.4,651.99,31541209
Albania,2013,3.54,4440.0,7863.4,4413.06,2895092
Algeria,2013,7.29,139020.0,19408.0,5519.78,38000626
American Samoa,2013,,,173.4,12038.87,52995
Andorra,2013,2.51,480.0,160.0,44750.44,71367
Angola,2013,4.44,26960.0,704928.14,5101.98,26147002
Antigua and Barbuda,2013,2.61,470.0,85.82,13350.15,88497
Argentina,2013,5.44,183250.0,295438.0,13080.25,42202935
Armenia,2013,2.65,5500.0,3299.36,3833.16,2901385
Aruba,2013,6.44,,4.2,26515.68,102880
Australia,2013,5.23,380280.0,1316751.4,68158.58,23128129
Austria,2013,5.55,65750.0,38739.94,50731.13,8479823
Azerbaijan,2013,2.44,30940.0,10597.3,7875.76,9416801
"Bahamas, The",2013,2.72,2810.0,5098.6,27389.6,385650
Bahrain,2013,2.48,28850.0,5.68,25790.73,1261673
Bangladesh,2013,1.97,60600.0,18853.77,973.77,154030139
Barbados,2013,5.15,1440.0,63.0,16893.61,276865
Belarus,2013,5.01,59990.0,86321.0,7998.13,9443211
Belgium,2013,6.63,96590.0,6895.28,46757.95,11159407
Belize,2013,6.43,460.0,13562.54,5887.93,344688
Benin,2013,3.33,4680.0,34851.5,1214.3,10308730
Bermuda,2013,,,10.0,99471.64,65001
Bhutan,2013,5.72,670.0,27112.24,2409.44,728889
Bolivia,2013,7.58,18740.0,524507.36,2853.8,10743349
Bosnia and Herzegovina,2013,,21850.0,21373.64,5025.07,3617559
Botswana,2013,,5420.0,160828.0,6436.61,2217278
Brazil,2013,5.84,486840.0,5069631.6,12258.5,201721767
British Virgin Islands,2013,4.47,,36.28,,28657
Brunei Darussalam,2013,,7210.0,3800.0,43948.85,411702
Bulgaria,2013,4.06,39660.0,37946.0,7681.93,7265115
Burkina Faso,2013,4.08,3130.0,65664.4,762.3,17636408
Burundi,2013,6.0,390.0,2453.6,241.55,10149577
Cabo Verde,2013,5.0,510.0,436.2,3427.18,539940
Cambodia,2013,1.65,5740.0,95437.84,1015.22,14999683
Cameroon,2013,2.66,7550.0,207324.8,1559.14,21632850
Canada,2013,4.59,555659.97,3471983.1,52635.17,35082954
Cayman Islands,2013,,,127.2,75688.08,58212
Central African Republic,2013,2.64,120.0,225130.0,352.23,4802428
Chad,2013,2.85,2190.0,51460.0,980.08,13216766
Channel Islands,2013,,,,,159794
Chile,2013,4.53,83000.0,172477.52,15833.28,17509925
China,2013,3.85,9984570.31,2064207.02,7020.34,1363240000
Colombia,2013,4.88,76860.0,604039.12,8264.13,46237930
Comoros,2013,2.38,190.0,359.86,1595.99,699393
"Congo, Dem. Rep.",2013,2.06,3960.0,1338648.72,444.86,73460021
"Congo, Rep.",2013,5.01,5330.0,220390.0,3719.65,4828066
Costa Rica,2013,6.69,7780.0,29202.98,10633.27,4791535
Cote d'Ivoire,2013,3.46,8690.0,36269.22,1903.05,22469268
Croatia,2013,4.5,17010.0,19212.0,13871.33,4255689
Cuba,2013,0.0,28870.0,30832.0,6814.24,11321579
Curacao,2013,4.93,,0.7,19762.74,153822
Cyprus,2013,6.48,6430.0,1727.62,27799.12,1166968
Czechia,2013,4.05,101150.0,26639.86,20133.17,10514272
Denmark,2013,8.49,39960.0,6094.04,61191.19,5614932
Djibouti,2013,4.65,560.0,56.0,2102.2,971753
Dominica,2013,,170.0,478.7,7240.68,68819
Dominican Republic,2013,3.48,21290.0,20914.38,6171.3,10157051
Ecuador,2013,5.0,39700.0,129027.84,6050.35,15722989
"Egypt, Arab Rep.",2013,4.12,213860.0,553.08,3088.89,93377890
El Salvador,2013,3.8,6460.0,6153.8,3555.16,6185642
Equatorial Guinea,2013,,9180.0,25069.36,17644.6,1243941
Eritrea,2013,,640.0,10773.8,,3296367
Estonia,2013,4.84,19320.0,23870.14,19056.0,1317997
Eswatini,2013,5.08,750.0,4890.72,4111.11,1118319
Ethiopia,2013,4.5,10080.0,175795.0,490.79,97084366
Faroe Islands,2013,8.22,,0.8,55560.25,48418
Fiji,2013,3.88,1130.0,10932.68,4586.9,913453
Finland,2013,7.12,50190.0,223422.0,49892.22,5438972
France,2013,5.5,338560.0,166692.0,42602.72,66002289
French Polynesia,2013,,,1494.6,20941.52,288032
Gabon,2013,3.03,5790.0,236137.64,9250.08,1902226
"Gambia, The",2013,1.82,440.0,2828.04,647.39,2124869
Georgia,2013,2.89,7840.0,28224.0,4623.75,3717668
Germany,2013,4.94,776150.02,114150.0,46298.92,80645605
Ghana,2013,4.58,15630.0,79054.36,2282.35,27525597
Gibraltar,2013,,,0.0,,32411
Greece,2013,4.48,72480.0,39018.03,21787.79,10965211
Greenland,2013,13.34,,2.2,47535.59,56483
Grenada,2013,,320.0,177.0,7205.27,116945
Guam,2013,,,246.0,32318.89,167054
Guatemala,2013,2.89,13000.0,36405.2,3522.77,15043981
Guinea,2013,2.63,2180.0,64610.0,757.69,11055430
Guinea-Bissau,2013,2.13,250.0,20390.98,616.16,1697753
Guyana,2013,,1980.0,184847.4,5576.25,747420
Haiti,2013,,2650.0,3690.62,1452.31,10261206
Honduras,2013,5.87,9370.0,65084.86,2064.55,8960657
"Hong Kong SAR, China",2013,3.76,,,38403.78,7178900
Hungary,2013,4.19,40760.0,20550.48,13715.07,9893082
Iceland,2013,7.45,2030.0,467.64,49804.98,323764
India,2013,3.84,1972430.05,702952.0,1438.06,1291132063
Indonesia,2013,3.36,447940.0,968804.2,3602.89,253275918
"Iran, Islamic Rep.",2013,3.07,583700.01,106919.8,6280.68,78458928
Iraq,2013,,139100.01,8250.0,6612.9,35481800
Ireland,2013,5.34,35710.0,7409.54,51546.35,4623816
Isle of Man,2013,,,34.6,83199.62,84144
Israel,2013,5.85,67000.0,1606.0,36941.84,8059500
Italy,2013,4.14,346459.99,91894.64,35560.08,60233948
Jamaica,2013,6.25,7400.0,5698.56,5143.72,2773129
Japan,2013,3.62,1262780.03,249528.0,40898.65,127445000
Jordan,2013,3.5,23800.0,975.0,4477.62,7694814
Kazakhstan,2013,3.44,260010.01,32179.46,13890.63,17035551
Kenya,2013,4.84,14100.0,35599.82,1376.83,44792368
Kiribati,2013,12.03,60.0,11.8,1628.71,113311
"Korea, Dem. People's Rep.",2013,,27630.0,61787.0,,25001819
"Korea, Rep.",2013,,599599.98,63570.0,27182.73,50428893
Kosovo,2013,,,,3704.78,1818117
Kuwait,2013,3.88,87360.0,62.5,47760.94,3646518
Kyrgyz Republic,2013,6.78,9380.0,12429.58,1282.44,5719600
Lao PDR,2013,3.23,4160.0,168370.0,1815.44,6600742
Latvia,2013,7.0,7450.0,33837.12,15007.49,2012647
Lebanon,2013,2.43,23240.0,1391.38,8255.21,5678851
Lesotho,2013,7.29,610.0,345.2,1141.36,2073939
Liberia,2013,1.69,920.0,78292.6,717.64,4427313
Libya,2013,,58610.0,2170.0,12589.45,5985221
Liechtenstein,2013,,190.0,67.0,173660.16,36806
Lithuania,2013,4.6,11330.0,21802.0,15729.65,2957689
Luxembourg,2013,3.91,10150.0,887.0,120000.14,543360
"Macao SAR, China",2013,2.05,,,86852.99,593374
Madagascar,2013,1.78,2930.0,125223.26,526.69,23588073
Malawi,2013,5.42,980.0,25357.0,344.4,16024775
Malaysia,2013,5.48,223660.0,192575.92,10727.7,30134807
Maldives,2013,3.39,1130.0,8.2,8222.56,400728
Mali,2013,3.28,3220.0,132960.0,778.8,17004033
Malta,2013,7.58,2370.0,3.5,24770.93,425967
Marshall Islands,2013,15.99,140.0,94.0,3611.7,51352
Mauritania,2013,2.29,2590.0,3509.2,1929.77,3742959
Mauritius,2013,3.62,3820.0,383.36,9766.76,1258653
Mexico,2013,4.7,475739.99,665758.7,10865.68,117290686
"Micronesia, Fed. Sts.",2013,,140.0,642.14,2920.7,108609
Moldova,2013,5.91,7180.0,3816.4,3321.04,2859558
Monaco,2013,1.33,,0.0,185066.58,35425
Mongolia,2013,5.24,18380.0,141805.58,4422.3,2845153
Montenegro,2013,,2270.0,8270.0,7189.29,621207
Morocco,2013,,57590.0,56806.42,3117.52,33803527
Mozambique,2013,6.12,4200.0,383528.56,672.2,25251731
Myanmar,2013,2.1,13600.0,305718.64,1195.94,50648334
Namibia,2013,8.61,3790.0,71359.66,5463.02,2204510
Nauru,2013,,50.0,0.0,9210.01,10694
Nepal,2013,3.2,6090.0,59620.3,809.38,27381555
Netherlands,2013,5.53,157090.0,3682.9,52198.9,16804432
New Caledonia,2013,,,8387.2,38503.26,263650
New Zealand,2013,6.7,31890.0,98472.14,42976.65,4442100
Nicaragua,2013,,4470.0,40197.78,1794.79,6119379
Niger,2013,3.69,1970.0,11666.4,548.16,18653199
Nigeria,2013,0.53,108130.0,227700.62,2976.76,174726123
North Macedonia,2013,,8140.0,9808.12,5241.06,2064032
Northern Mariana Islands,2013,,,298.22,14806.01,52141
Norway,2013,7.49,39500.0,121254.0,102913.45,5079623
Oman,2013,4.98,63010.0,30.0,23563.94,3816680
Pakistan,2013,2.49,146060.0,39970.52,1126.04,205337562
Palau,2013,6.89,220.0,408.18,12418.83,17805
Panama,2013,3.4,10250.0,42937.42,11932.29,3821556
Papua New Guinea,2013,,5240.0,360862.07,2578.51,8245627
Paraguay,2013,4.81,5300.0,183274.48,6410.81,6005652
Peru,2013,3.3,49750.0,735366.38,6697.19,30038809
Philippines,2013,3.02,95500.0,69443.78,2847.57,99700107
Poland,2013,4.97,298299.99,93836.0,13558.41,38040196
Portugal,2013,5.27,46560.0,32880.0,21653.2,10457295
Puerto Rico,2013,6.48,,4929.08,28513.17,3593077
Qatar,2013,4.07,76170.0,0.0,97630.83,2035501
Romania,2013,3.05,72090.0,67465.76,9497.25,19983693
Russian Federation,2013,3.76,1632680.05,8150125.16,15974.64,143506995
Rwanda,2013,4.74,810.0,2680.0,704.06,11101350
Samoa,2013,4.67,200.0,1650.38,3989.86,199939
San Marino,2013,,,10.0,50438.39,33285
Sao Tome and Principe,2013,5.94,120.0,562.4,1551.19,193757
Saudi Arabia,2013,,503209.99,9770.0,23716.26,31482498
Senegal,2013,5.69,8010.0,83481.6,1391.53,13595566
Serbia,2013,,46470.0,27169.18,6755.07,7164132
Seychelles,2013,3.61,420.0,337.0,14764.94,89949
Sierra Leone,2013,2.38,1040.0,26729.82,706.45,6964859
Singapore,2013,2.85,43910.0,169.79,56967.43,5399162
Sint Maarten (Dutch part),2013,,,3.7,27942.88,36607
Slovak Republic,2013,4.08,32920.0,19202.14,18276.01,5413393
Slovenia,2013,5.41,14550.0,12476.0,23503.28,2059953
Solomon Islands,2013,10.17,390.0,25280.84,2208.1,582365
Somalia,2013,,650.0,65172.5,356.12,12852485
South Africa,2013,5.35,436920.01,173048.9,7441.23,53873616
South Sudan,2013,1.02,1450.0,71570.0,1659.14,11106031
Spain,2013,4.35,242810.0,185488.44,29077.18,46620045
Sri Lanka,2013,1.62,14480.0,21187.4,3740.62,20585000
St. Kitts and Nevis,2013,3.82,230.0,110.0,18325.97,47767
St. Lucia,2013,3.86,510.0,207.7,9569.12,173978
St. Martin (French part),2013,,,12.4,,35639
St. Vincent and the Grenadines,2013,,230.0,285.4,7117.55,107450
Sudan,2013,,15220.0,195584.26,1834.55,35990704
Suriname,2013,,2290.0,152709.46,9124.54,563947
Sweden,2013,7.61,40540.0,280172.0,61126.94,9600379
Switzerland,2013,4.87,43530.0,12450.34,87304.33,8089346
Syrian Arab Republic,2013,,30700.0,5100.8,993.74,21495821
Tajikistan,2013,,3200.0,4170.8,1038.33,8136610
Tanzania,2013,3.36,10810.0,488340.04,955.22,49253643
Thailand,2013,3.82,260700.01,200658.0,6041.13,69578602
Timor-Leste,2013,5.68,460.0,9309.0,1201.42,1161555
Togo,2013,4.42,1750.0,12299.9,608.15,7106229
Tonga,2013,,120.0,89.5,4208.12,107089
Trinidad and Tobago,2013,5.12,22210.0,2311.38,19821.53,1440729
Tunisia,2013,6.97,27850.0,6920.2,4308.23,11300284
Turkiye,2013,4.34,318170.01,214114.12,12507.59,76576117
Turkmenistan,2013,,70220.0,41270.0,7049.8,5560095
Turks and Caicos Islands,2013,2.67,,105.2,22451.57,33594
Tuvalu,2013,,10.0,10.0,3537.05,10918
Uganda,2013,1.87,3690.0,26266.64,819.76,35273570
Ukraine,2013,6.42,270269.99,96134.0,4187.74,45489648
United Arab Emirates,2013,1.45,184470.0,3173.0,45729.61,8751847
United Kingdom,2013,5.5,453760.01,31166.0,43449.09,64128273
United States,2013,6.25,5092100.1,3095450.0,53291.13,316059947
Uruguay,2013,4.52,7360.0,18445.2,17015.13,3381180
Uzbekistan,2013,5.74,111860.0,34694.8,2419.72,30243200
Vanuatu,2013,,110.0,4423.0,2877.44,263534
"Venezuela, RB",2013,,180429.99,470118.0,12433.98,29838021
Vietnam,2013,5.65,164300.0,137923.4,2367.5,90267739
Virgin Islands (U.S.),2013,,,188.68,34597.98,108041
West Bank and Gaza,2013,4.89,,100.64,3315.3,4076708
"Yemen, Rep.",2013,,27830.0,5490.0,1497.75,26984002
Zambia,2013,4.3,4240.0,461314.6,1840.32,15234976
Zimbabwe,2013,6.0,12280.0,177670.7,1408.37,13555422
Afghanistan,2014,3.7,4880.0,12084.4,628.15,32716210
Albania,2014,3.05,4820.0,7877.64,4578.63,2889104
Algeria,2014,7.32,147740.01,19484.0,5516.23,38760168
American Samoa,2014,,,173.1,12314.0,52217
Andorra,2014,3.07,460.0,160.0,45682.25,71621
Angola,2014,3.12,29630.0,699377.52,5059.08,27128337
Antigua and Barbuda,2014,2.7,480.0,85.16,14004.81,89236
Argentina,2014,5.36,179600.01,293204.0,12334.8,42669500
Armenia,2014,2.25,5480.0,3297.28,4017.23,2889930
Aruba,2014,5.85,,4.2,26942.31,103594
Australia,2014,5.16,371630.0,1323848.2,62513.41,23475686
Austria,2014,5.45,62050.0,38775.92,51786.38,8546356
Azerbaijan,2014,2.63,32240.0,10688.08,7891.31,9535079
"Bahamas, The",2014,2.5,2520.0,5098.6,28720.66,389131
Bahrain,2014,2.47,30280.0,5.84,25464.76,1311134
Bangladesh,2014,2.1,63830.0,18843.88,1108.52,155961299
Barbados,2014,6.14,1270.0,63.0,16924.19,277493
Belarus,2014,4.82,59500.0,86328.0,8341.4,9448515
Belgium,2014,6.59,90140.0,6894.14,47764.07,11209057
Belize,2014,6.61,480.0,13445.42,6068.09,352335
Benin,2014,3.16,5190.0,34351.5,1251.5,10614844
Bermuda,2014,1.54,,10.0,98467.68,65138
Bhutan,2014,6.04,700.0,27132.02,2589.9,736357
Bolivia,2014,8.26,20410.0,522389.78,3022.46,10916987
Bosnia and Herzegovina,2014,,19490.0,21489.32,5196.86,3571068
Botswana,2014,,6990.0,159645.0,6844.02,2260376
Brazil,2014,5.95,511620.0,5054239.8,12071.16,203459650
British Virgin Islands,2014,4.02,,36.24,,28971
Brunei Darussalam,2014,3.35,7080.0,3800.0,41037.07,416656
Bulgaria,2014,4.08,42050.0,38138.0,7901.79,7223938
Burkina Faso,2014,4.05,3180.0,65164.2,767.37,18169842
Burundi,2014,6.78,380.0,2625.0,257.82,10494913
Cabo Verde,2014,4.96,500.0,439.2,3405.93,546076
Cambodia,2014,1.67,6950.0,91953.02,1098.07,15210817
Cameroon,2014,2.58,8250.0,206764.8,1631.71,22299585
Canada,2014,4.84,561679.99,3471570.1,50956.0,35437435
Cayman Islands,2014,,,127.2,76613.41,59559
Central African Republic,2014,2.22,130.0,224830.0,394.86,4798734
Chad,2014,2.6,2260.0,50180.0,1017.79,13697126
Channel Islands,2014,,,,,160912
Chile,2014,4.73,76560.0,174219.16,14666.34,17687108
China,2014,3.73,10006669.92,2083574.76,7636.12,1371860000
Colombia,2014,4.63,79200.0,602692.86,8164.71,46677947
Comoros,2014,2.74,170.0,355.48,1608.69,714612
"Congo, Dem. Rep.",2014,1.95,5140.0,1327634.96,472.27,76035588
"Congo, Rep.",2014,3.18,5190.0,220270.0,3622.53,4944861
Costa Rica,2014,6.68,7830.0,29366.64,10737.68,4844288
Cote d'Ivoire,2014,3.31,9200.0,35140.36,2124.02,22995555
Croatia,2014,4.94,16240.0,19216.0,13784.48,4238389
Cuba,2014,0.0,26690.0,31336.0,7117.53,11332026
Curacao,2014,,,0.7,19552.66,155909
Cyprus,2014,6.44,6810.0,1727.36,27245.37,1176995
Czechia,2014,3.97,97510.0,26661.88,19890.92,10525347
Denmark,2014,7.63,35820.0,6170.42,62548.98,5643475
Djibouti,2014,4.38,400.0,56.0,2239.11,989087
Dominica,2014,,180.0,478.7,7498.92,69371
Dominican Republic,2014,3.96,21450.0,20975.44,6533.67,10282115
Ecuador,2014,5.26,41800.0,128609.82,6374.63,15957994
"Egypt, Arab Rep.",2014,4.25,219120.0,518.64,3196.86,95592324
El Salvador,2014,3.82,6590.0,6108.8,3638.52,6209526
Equatorial Guinea,2014,,7910.0,24985.78,16804.93,1295183
Eritrea,2014,,650.0,10742.2,,3323425
Estonia,2014,4.39,17940.0,24040.12,20261.07,1314545
Eswatini,2014,7.07,750.0,4902.86,3928.51,1125865
Ethiopia,2014,4.6,12340.0,175065.0,557.53,99746766
Faroe Islands,2014,8.31,,0.8,60125.77,48465
Fiji,2014,4.27,1290.0,10999.44,5305.19,915560
Finland,2014,7.1,46160.0,223756.0,50327.24,5461512
France,2014,5.51,306100.01,167526.0,43068.55,66312067
French Polynesia,2014,,,1494.6,21223.08,289873
Gabon,2014,2.67,5960.0,236018.82,9255.37,1966855
"Gambia, The",2014,2.23,520.0,2770.72,561.65,2189019
Georgia,2014,3.0,8470.0,28224.0,4739.19,3719414
Germany,2014,4.92,736010.01,114170.0,48023.87,80982500
Ghana,2014,4.4,15090.0,78929.38,1942.91,28196358
Gibraltar,2014,,,0.0,,32452
Greece,2014,4.29,69550.0,39018.03,21616.71,10892413
Greenland,2014,12.8,,2.2,50484.93,56295
Grenada,2014,,250.0,177.0,7726.41,117972
Guam,2014,,,248.0,33483.94,167543
Guatemala,2014,2.99,13950.0,36131.6,3779.64,15306316
Guinea,2014,2.42,2240.0,64250.0,774.57,11333365
Guinea-Bissau,2014,2.2,270.0,20306.54,605.12,1743309
Guyana,2014,4.36,2060.0,184730.5,5495.38,751115
Haiti,2014,1.75,3020.0,3659.56,1453.92,10412740
Honduras,2014,7.09,9460.0,64861.58,2164.42,9127846
"Hong Kong SAR, China",2014,3.57,,,40315.29,7229500
Hungary,2014,4.6,40630.0,20579.34,14294.26,9866468
Iceland,2014,7.64,2050.0,474.62,54576.74,327386
India,2014,,2147110.11,705616.0,1559.86,1307246509
Indonesia,2014,3.29,483910.0,959541.6,3476.62,256229761
"Iran, Islamic Rep.",2014,2.8,605349.98,106919.8,5757.54,79961672
Iraq,2014,,134039.99,8250.0,6215.99,36746488
Ireland,2014,4.88,35530.0,7478.12,55643.06,4657740
Isle of Man,2014,,,34.6,91885.61,83896
Israel,2014,5.77,64720.0,1628.0,38259.68,8215700
Italy,2014,4.06,327500.0,92432.72,35565.72,60789140
Jamaica,2014,6.02,7190.0,5736.58,4991.57,2784543
Japan,2014,3.55,1217120.0,249484.0,38475.4,127276000
Jordan,2014,3.8,25550.0,975.0,4255.89,8658026
Kazakhstan,2014,3.42,209230.0,32632.01,12807.26,17288285
Kenya,2014,4.72,15150.0,35411.96,1489.92,45831863
Kiribati,2014,11.23,60.0,11.8,1546.83,114985
"Korea, Dem. People's Rep.",2014,,31230.0,61574.7,,25126131
"Korea, Rep.",2014,,588090.03,63470.0,29249.58,50746659
Kosovo,2014,,,,3902.68,1812771
Kuwait,2014,4.4,85570.0,62.5,43234.82,3761584
Kyrgyz Republic,2014,5.53,9710.0,12473.84,1279.77,5835500
Lao PDR,2014,2.94,4340.0,168025.0,1984.51,6691454
Latvia,2014,5.28,7280.0,33875.76,15742.39,1993782
Lebanon,2014,2.0,25150.0,1397.34,7665.38,6274342
Lesotho,2014,7.2,610.0,345.2,1165.05,2095242
Liberia,2014,2.2,1220.0,77990.0,713.73,4519398
Libya,2014,,58000.0,2170.0,9408.77,6097764
Liechtenstein,2014,,160.0,67.0,179457.92,37096
Lithuania,2014,4.49,10860.0,21836.0,16551.02,2932367
Luxembourg,2014,3.86,9650.0,887.0,123678.7,556319
"Macao SAR, China",2014,2.05,,,90873.93,604167
Madagascar,2014,2.38,3010.0,125091.08,517.14,24215976
Malawi,2014,4.84,850.0,24937.0,367.02,16477966
Malaysia,2014,5.21,236649.99,193609.06,11045.45,30606459
Maldives,2014,3.09,1370.0,8.2,8872.12,416738
Mali,2014,3.65,3380.0,132960.0,818.43,17551814
Malta,2014,7.0,2360.0,3.5,26754.26,434558
Marshall Islands,2014,15.67,150.0,94.0,3672.68,50419
Mauritania,2014,2.56,2900.0,3454.8,1715.39,3843174
Mauritius,2014,4.92,3950.0,383.18,10368.61,1260934
Mexico,2014,5.26,462239.99,664533.9,11076.09,118755887
"Micronesia, Fed. Sts.",2014,,140.0,642.42,2928.45,109024
Moldova,2014,6.27,7710.0,3840.2,3327.79,2857815
Monaco,2014,1.02,,0.0,195780.01,36110
Mongolia,2014,5.43,18120.0,141794.44,4211.94,2902823
Montenegro,2014,,2220.0,8270.0,7388.15,621810
Morocco,2014,5.93,58690.0,56826.66,3430.55,34248603
Mozambique,2014,6.88,4860.0,381464.28,680.38,26038704
Myanmar,2014,1.9,17040.0,302821.52,1238.73,51072436
Namibia,2014,9.58,3950.0,70649.58,5544.1,2243001
Nauru,2014,5.5,50.0,0.0,9566.21,10940
Nepal,2014,3.49,7130.0,59620.3,827.74,27462106
Netherlands,2014,5.46,149789.99,3665.6,52900.54,16865008
New Caledonia,2014,,,8386.2,39675.58,268050
New Zealand,2014,6.34,31970.0,98469.12,44572.9,4516500
Nicaragua,2014,4.08,4760.0,39636.54,1913.52,6208676
Niger,2014,5.1,2150.0,11542.2,560.75,19372014
Nigeria,2014,,114830.0,226067.56,3200.95,179379016
North Macedonia,2014,,7700.0,9876.06,5495.74,2067471
Northern Mariana Islands,2014,,,296.56,16044.43,51856
Norway,2014,7.7,39110.0,121332.0,97019.18,5137232
Oman,2014,,66390.0,30.0,23121.21,4009267
Pakistan,2014,2.47,154240.01,39648.26,1173.39,208251628
Palau,2014,6.55,220.0,409.04,13580.01,17796
Panama,2014,2.82,10760.0,42823.26,12837.25,3888793
Papua New Guinea,2014,,5890.0,360553.14,2742.23,8464153
Paraguay,2014,4.79,5630.0,179131.94,6629.42,6090721
Peru,2014,3.7,53170.0,733655.84,6614.93,30353951
Philippines,2014,2.93,101820.0,69792.64,2935.93,101325201
Poland,2014,4.94,285730.01,94018.0,14182.14,38011735
Portugal,2014,5.12,45930.0,33000.0,22103.7,10401062
Puerto Rico,2014,6.07,,4933.94,28981.46,3534874
Qatar,2014,3.61,81660.0,0.0,93126.15,2214465
Romania,2014,3.12,71540.0,68237.68,10031.27,19908979
Russian Federation,2014,4.01,1611959.96,8149714.88,14095.65,143819667
Rwanda,2014,4.2,860.0,2690.0,724.35,11368451
Samoa,2014,5.41,210.0,1645.54,3948.8,201757
San Marino,2014,,,10.0,50135.48,33389
Sao Tome and Principe,2014,3.75,120.0,556.2,1754.6,197497
Saudi Arabia,2014,,540520.02,9770.0,23543.57,32125564
Senegal,2014,5.72,8570.0,83081.6,1417.1,13970308
Serbia,2014,3.93,38960.0,27182.24,6600.06,7130576
Seychelles,2014,4.08,470.0,337.0,15188.23,91359
Sierra Leone,2014,2.66,1150.0,26532.56,702.34,7140688
Singapore,2014,2.92,44400.0,167.25,57562.53,5469724
Sint Maarten (Dutch part),2014,,,3.7,33043.69,37685
Slovak Republic,2014,4.23,30440.0,19209.82,18719.99,5418649
Slovenia,2014,5.29,13110.0,12478.0,24247.17,2061980
Solomon Islands,2014,9.81,340.0,25273.52,2235.75,597375
Somalia,2014,,650.0,64405.0,377.56,13309235
South Africa,2014,5.49,447929.99,172684.9,6965.14,54729551
South Sudan,2014,1.23,1530.0,71570.0,1245.15,11213284
Spain,2014,4.3,240960.01,185500.12,29513.65,46480882
Sri Lanka,2014,1.93,17600.0,21237.8,3971.92,20778000
St. Kitts and Nevis,2014,3.86,230.0,110.0,19945.47,47789
St. Lucia,2014,3.88,510.0,207.7,10007.15,174804
St. Martin (French part),2014,,,12.4,21920.84,35261
St. Vincent and the Grenadines,2014,,270.0,285.4,7210.62,106912
Sudan,2014,,16120.0,193841.78,2075.99,37003245
Suriname,2014,,2620.0,152613.08,9199.18,569682
Sweden,2014,7.57,39080.0,279986.0,60020.36,9696110
Switzerland,2014,4.88,39790.0,12484.72,88724.99,8188649
Syrian Arab Republic,2014,,26610.0,5160.8,1071.23,20072232
Tajikistan,2014,,4580.0,4194.4,1094.42,8326348
Tanzania,2014,3.38,10710.0,484620.02,1012.77,50814552
Thailand,2014,3.92,256799.99,200634.0,5822.38,69960943
Timor-Leste,2014,7.66,530.0,9295.0,1221.53,1184830
Togo,2014,4.78,1590.0,12270.3,627.71,7288383
Tonga,2014,,110.0,89.5,4125.44,106626
Trinidad and Tobago,2014,5.33,22040.0,2307.14,20327.98,1450661
Tunisia,2014,6.88,29950.0,6935.5,4398.57,11428948
Turkiye,2014,4.41,340640.01,215208.56,12020.58,78112073
Turkmenistan,2014,,71400.0,41270.0,7685.51,5663152
Turks and Caicos Islands,2014,2.59,,105.2,24040.87,34985
Tuvalu,2014,,10.0,10.0,3556.26,10899
Uganda,2014,1.91,4110.0,25854.12,897.51,36336539
Ukraine,2014,5.87,237730.0,96352.0,3104.64,45272155
United Arab Emirates,2014,1.54,184759.99,3173.0,46865.96,8835951
United Kingdom,2014,5.56,415600.01,31358.0,47447.59,64602298
United States,2014,6.14,5107209.96,3098200.0,55123.85,318386329
Uruguay,2014,4.58,6500.0,18822.6,16875.51,3391662
Uzbekistan,2014,5.71,104870.0,35094.4,2628.46,30757700
Vanuatu,2014,5.18,160.0,4423.0,2861.2,269927
"Venezuela, RB",2014,,179240.01,468474.0,15975.73,30193258
Vietnam,2014,4.44,180870.0,139271.0,2558.78,91235504
Virgin Islands (U.S.),2014,,,190.14,33045.36,107882
West Bank and Gaza,2014,,,101.02,3352.11,4173398
"Yemen, Rep.",2014,,27430.0,5490.0,1557.6,27753304
Zambia,2014,5.2,4690.0,459432.8,1724.58,15737793
Zimbabwe,2014,6.14,12080.0,177210.0,1407.03,13855753
Afghanistan,2015,3.26,5950.0,12084.4,592.48,33753499
Albania,2015,3.44,4620.0,7891.88,3952.8,2880703
Algeria,2015,7.96,156270.0,19560.0,4197.42,39543154
American Samoa,2015,,,172.8,13101.54,51368
Andorra,2015,3.28,470.0,160.0,38885.38,71746
Angola,2015,3.49,31650.0,693826.9,3100.83,28127721
Antigua and Barbuda,2015,2.84,490.0,84.5,14861.88,89941
Argentina,2015,5.78,185550.0,290970.0,13789.06,43131966
Armenia,2015,2.81,5340.0,3295.2,3666.14,2878595
Aruba,2015,5.89,,4.2,28421.39,104257
Australia,2015,5.32,377799.99,1330945.0,56710.45,23815995
Austria,2015,5.46,63240.0,38811.9,44195.82,8642699
Azerbaijan,2015,2.95,31770.0,10778.87,5500.31,9649341
"Bahamas, The",2015,2.25,2210.0,5098.6,30206.24,392697
Bahrain,2015,2.67,30580.0,6.0,22795.45,1362142
Bangladesh,2015,1.87,72190.0,18834.0,1236.01,157830000
Barbados,2015,5.38,1270.0,63.0,16990.22,278083
Belarus,2015,4.79,54820.0,86335.0,5967.05,9461076
Belgium,2015,6.45,95130.0,6893.0,41008.3,11274196
Belize,2015,6.87,680.0,13328.3,6142.48,359871
Benin,2015,3.17,5510.0,33851.5,1041.65,10932783
Bermuda,2015,1.5,,10.0,102005.63,65237
Bhutan,2015,6.27,770.0,27151.8,2695.64,743274
Bolivia,2015,8.94,20760.0,520272.2,2975.65,11090085
Bosnia and Herzegovina,2015,,19620.0,21605.0,4599.9,3524324
Botswana,2015,7.81,6950.0,158462.0,5869.73,2305171
Brazil,2015,6.24,485340.0,5038848.0,8783.23,205188205
British Virgin Islands,2015,4.71,,36.2,,29366
Brunei Darussalam,2015,,6400.0,3800.0,30681.68,421437
Bulgaria,2015,3.92,44560.0,38330.0,7074.68,7177991
Burkina Faso,2015,3.67,3700.0,64664.0,632.13,18718019
Burundi,2015,6.37,400.0,2796.4,289.36,10727148
Cabo Verde,2015,5.27,500.0,442.2,2891.88,552166
Cambodia,2015,1.93,8430.0,88468.2,1170.74,15417523
Cameroon,2015,2.66,8460.0,206204.8,1399.68,23012646
Canada,2015,4.74,558700.01,3471157.1,43596.14,35702908
Cayman Islands,2015,,,127.2,77298.63,60911
Central African Republic,2015,1.91,190.0,224530.0,351.88,4819333
Chad,2015,2.4,2390.0,48900.0,774.41,14140274
Channel Islands,2015,,,,,162190
Chile,2015,4.88,82230.0,175960.8,13569.95,17870124
China,2015,3.82,9861099.61,2102942.5,8016.43,1379860000
Colombia,2015,4.47,80230.0,601346.6,6228.43,47119728
Comoros,2015,2.55,190.0,351.1,1322.94,730216
"Congo, Dem. Rep.",2015,2.17,3230.0,1316621.2,482.06,78656904
"Congo, Rep.",2015,3.28,5660.0,220150.0,2347.82,5064386
Costa Rica,2015,6.87,7540.0,29530.3,11529.95,4895242
Cote d'Ivoire,2015,3.49,9810.0,34011.5,1941.57,23596741
Croatia,2015,4.93,16600.0,19220.0,11952.31,4203604
Cuba,2015,0.0,29210.0,31840.0,7683.76,11339894
Curacao,2015,7.11,,0.7,19260.27,157980
Cyprus,2015,6.33,6850.0,1727.1,23487.12,1187280
Czechia,2015,5.75,99140.0,26683.9,17829.7,10546059
Denmark,2015,7.01,33700.0,6246.8,53254.86,5683483
Djibouti,2015,3.59,460.0,56.0,2409.31,1006259
Dominica,2015,3.41,180.0,478.7,7724.04,70007
Dominican Republic,2015,3.82,23590.0,21036.5,6838.94,10405832
Ecuador,2015,5.0,41520.0,128191.8,6130.59,16195902
"Egypt, Arab Rep.",2015,3.93,226280.0,484.2,3370.38,97723799
El Salvador,2015,3.91,7000.0,6063.8,3761.51,6231066
Equatorial Guinea,2015,,6570.0,24902.2,9788.98,1346973
Eritrea,2015,,650.0,10710.6,,3340006
Estonia,2015,5.14,15540.0,24210.1,17402.04,1315407
Eswatini,2015,5.36,770.0,4915.0,3583.31,1133936
Ethiopia,2015,4.74,12890.0,174335.0,630.31,102471895
Faroe Islands,2015,7.71,,0.8,52726.74,48816
Fiji,2015,4.81,1380.0,11066.2,5105.26,917200
Finland,2015,7.03,42820.0,224090.0,42801.91,5479531
France,2015,5.46,311299.99,168360.0,36652.92,66548272
French Polynesia,2015,,,1494.6,18252.52,291787
Gabon,2015,2.99,6120.0,235900.0,7090.45,2028517
"Gambia, The",2015,2.16,530.0,2713.4,611.67,2253133
Georgia,2015,3.16,9200.0,28224.0,4014.19,3725276
Germany,2015,4.86,742310.0,114190.0,41103.26,81686611
Ghana,2015,4.43,15780.0,78804.4,1711.29,28870939
Gibraltar,2015,,,0.0,,32520
Greece,2015,3.66,68010.0,39018.03,18083.88,10820883
Greenland,2015,12.0,,2.2,44536.4,56114
Grenada,2015,4.24,270.0,177.0,8379.62,118980
Guam,2015,,,250.0,34522.38,167978
Guatemala,2015,3.03,16340.0,35858.0,3994.64,15567419
Guinea,2015,2.52,2540.0,63890.0,756.43,11625998
Guinea-Bissau,2015,2.3,280.0,20222.1,585.96,1788919
Guyana,2015,3.9,2080.0,184613.6,5668.43,755031
Haiti,2015,1.86,3280.0,3628.5,1404.16,10563757
Honduras,2015,6.41,9930.0,64638.3,2257.22,9294505
"Hong Kong SAR, China",2015,3.26,,,42431.89,7291300
Hungary,2015,4.49,43380.0,20608.2,12717.04,9843028
Iceland,2015,7.46,2060.0,481.6,52951.68,330815
India,2015,4.11,2158020.02,708280.0,1590.17,1322866505
Indonesia,2015,3.58,488549.99,950279.0,3322.58,259091970
"Iran, Islamic Rep.",2015,2.8,599179.99,106919.8,4990.94,81790841
Iraq,2015,4.49,133170.0,8250.0,4416.94,37757813
Ireland,2015,3.76,37060.0,7546.7,62053.98,4701957
Isle of Man,2015,,,34.6,84759.35,83593
Israel,2015,5.86,66140.0,1650.0,36206.52,8380100
Italy,2015,4.07,337859.99,92970.8,30242.39,60730582
Jamaica,2015,5.46,7090.0,5774.6,5077.55,2794445
Japan,2015,3.27,1179439.94,249440.0,34960.64,127141000
Jordan,2015,3.45,25310.0,975.0,4064.25,9494246
Kazakhstan,2015,2.79,190730.0,33084.56,10510.77,17542806
Kenya,2015,4.74,17210.0,35224.1,1496.65,46851488
Kiribati,2015,9.86,60.0,11.8,1459.13,116707
"Korea, Dem. People's Rep.",2015,,25100.0,61362.4,,25258015
"Korea, Rep.",2015,4.45,607830.02,63370.0,28732.23,51014947
Kosovo,2015,,,,3520.77,1788196
Kuwait,2015,4.77,89020.0,62.5,29310.52,3908743
Kyrgyz Republic,2015,5.99,10270.0,12518.1,1121.08,5956900
Lao PDR,2015,2.74,8880.0,167680.0,2125.46,6787419
Latvia,2015,5.28,7320.0,33914.4,13786.46,1977527
Lebanon,2015,2.1,27010.0,1403.3,7802.75,6398940
Lesotho,2015,9.0,650.0,345.2,1113.87,2118521
Liberia,2015,2.17,1260.0,77687.4,699.66,4612329
Libya,2015,,51330.0,2170.0,7867.57,6192235
Liechtenstein,2015,,160.0,67.0,167805.96,37355
Lithuania,2015,4.23,11070.0,21870.0,14263.96,2904910
Luxembourg,2015,3.77,9130.0,887.0,105462.01,569604
"Macao SAR, China",2015,3.0,,,73220.27,615239
Madagascar,2015,2.21,3280.0,124958.9,455.64,24850912
Malawi,2015,5.61,930.0,24517.0,376.25,16938942
Malaysia,2015,4.89,236539.99,194642.2,9699.58,31068833
Maldives,2015,3.89,1370.0,8.2,9434.33,435582
Mali,2015,3.8,3650.0,132960.0,723.5,18112907
Malta,2015,5.02,1660.0,3.5,24921.58,445053
Marshall Islands,2015,17.63,150.0,94.0,3703.65,49410
Mauritania,2015,2.83,3560.0,3400.4,1562.73,3946220
Mauritius,2015,4.89,3960.0,383.0,9509.93,1262605
Mexico,2015,5.23,471630.0,663309.1,9753.38,120149897
"Micronesia, Fed. Sts.",2015,12.41,150.0,642.7,2891.32,109462
Moldova,2015,5.81,8020.0,3864.0,2731.07,2835978
Monaco,2015,,,0.0,170337.92,36760
Mongolia,2015,4.39,17300.0,141783.3,3919.35,2964749
Montenegro,2015,,2360.0,8270.0,6517.16,622159
Morocco,2015,4.65,60410.0,56846.9,3139.24,34680458
Mozambique,2015,6.01,5520.0,379400.0,594.23,26843246
Myanmar,2015,2.1,19040.0,299924.4,1224.56,51483949
Namibia,2015,9.85,4200.0,69939.5,4965.68,2282704
Nauru,2015,5.59,60.0,0.0,7736.22,11185
Nepal,2015,3.29,7190.0,59620.3,882.31,27610325
Netherlands,2015,5.35,157410.0,3648.3,45193.4,16939923
New Caledonia,2015,,,8385.2,32428.58,269460
New Zealand,2015,6.33,32280.0,98466.1,38630.73,4609400
Nicaragua,2015,4.08,5270.0,39075.3,2025.32,6298598
Niger,2015,4.49,2110.0,11418.0,481.11,20128124
Nigeria,2015,,107760.0,224434.5,2679.55,183995785
North Macedonia,2015,,7410.0,9944.0,4861.55,2070226
Northern Mariana Islands,2015,,,294.9,17665.1,51514
Norway,2015,7.57,39490.0,121410.0,74355.52,5188607
Oman,2015,,70130.0,30.0,18777.43,4191776
Pakistan,2015,2.65,164130.0,39326.0,1282.44,210969298
Palau,2015,5.71,210.0,409.9,15761.36,17794
Panama,2015,2.84,10700.0,42709.1,13669.56,3957099
Papua New Guinea,2015,,6510.0,360244.21,2502.08,8682174
Paraguay,2015,3.34,6370.0,174989.4,5861.4,6177950
Peru,2015,3.97,54550.0,731945.3,6180.19,30711863
Philippines,2015,3.52,111010.0,70141.5,2974.3,103031365
Poland,2015,4.81,289079.99,94200.0,12560.05,37986412
Portugal,2015,4.89,49850.0,33120.0,19250.11,10358076
Puerto Rico,2015,4.68,,4938.8,29763.49,3473232
Qatar,2015,,84780.0,0.0,66984.91,2414573
Romania,2015,3.11,73320.0,69009.6,8976.88,19815616
Russian Federation,2015,3.83,1592560.06,8149304.6,9313.01,144096870
Rwanda,2015,3.65,980.0,2700.0,733.44,11642959
Samoa,2015,4.86,240.0,1640.7,4048.51,203571
San Marino,2015,3.44,,10.0,42281.64,33570
Sao Tome and Principe,2015,3.86,120.0,550.0,1571.5,201124
Saudi Arabia,2015,,565190.0,9770.0,19977.79,32749848
Senegal,2015,5.46,9290.0,82681.6,1238.13,14356181
Serbia,2015,3.79,45390.0,27195.3,5588.98,7095383
Seychelles,2015,4.22,510.0,337.0,15157.53,93419
Sierra Leone,2015,3.06,910.0,26335.3,576.74,7314773
Singapore,2015,2.86,45430.0,164.71,55646.62,5535002
Sint Maarten (Dutch part),2015,,,3.7,32274.89,38825
Slovak Republic,2015,4.59,30750.0,19217.5,16390.88,5423801
Slovenia,2015,4.91,13140.0,12480.0,20890.17,2063531
Solomon Islands,2015,10.13,310.0,25266.2,2134.8,612660
Somalia,2015,,650.0,63637.5,387.61,13763906
South Africa,2015,5.48,424810.0,172320.9,6204.93,55876504
South Sudan,2015,1.47,1970.0,71570.0,1071.78,11194299
Spain,2015,4.29,256280.0,185511.8,25754.36,46444832
Sri Lanka,2015,2.23,20360.0,21288.2,4060.13,20970000
St. Kitts and Nevis,2015,2.64,240.0,110.0,20025.96,47790
St. Lucia,2015,3.87,500.0,207.7,10290.38,175623
St. Martin (French part),2015,,,12.4,,35020
St. Vincent and the Grenadines,2015,5.16,250.0,285.4,7386.74,106482
Sudan,2015,,18710.0,192099.3,2226.42,38171178
Suriname,2015,5.53,2720.0,152516.7,8907.75,575475
Sweden,2015,7.44,39190.0,279800.0,51545.48,9799186
Switzerland,2015,4.94,39090.0,12519.1,83806.45,8282396
Syrian Arab Republic,2015,,25270.0,5220.8,857.5,19205178
Tajikistan,2015,4.97,4900.0,4218.0,970.37,8524063
Tanzania,2015,4.19,11690.0,480900.0,928.81,52542823
Thailand,2015,3.86,264000.0,200610.0,5708.8,70294397
Timor-Leste,2015,6.3,520.0,9281.0,1322.3,1205813
Togo,2015,5.11,1830.0,12240.7,559.45,7473229
Tonga,2015,,120.0,89.5,4117.96,106122
Trinidad and Tobago,2015,3.39,21330.0,2302.9,18389.53,1460177
Tunisia,2015,6.22,30480.0,6950.8,3960.98,11557779
Turkiye,2015,4.32,351590.0,216303.0,10851.95,79646178
Turkmenistan,2015,,73400.0,41270.0,6208.3,5766431
Turks and Caicos Islands,2015,3.09,,105.2,25783.29,36538
Tuvalu,2015,,10.0,10.0,3384.36,10877
Uganda,2015,2.32,4720.0,25441.6,864.18,37477356
Ukraine,2015,5.74,191070.01,96570.0,2124.66,45154036
United Arab Emirates,2015,1.71,195240.01,3173.0,41525.14,8916899
United Kingdom,2015,5.51,401079.99,31550.0,45071.07,65116219
United States,2015,4.95,4990709.96,3100950.0,56762.73,320738994
Uruguay,2015,4.55,6640.0,19200.0,15655.94,3402818
Uzbekistan,2015,5.49,99170.0,35494.0,2753.97,31298900
Vanuatu,2015,5.6,140.0,4423.0,2643.89,276438
"Venezuela, RB",2015,1.93,163130.0,466830.0,,30529716
Vietnam,2015,4.47,220649.99,140618.6,2595.23,92191398
Virgin Islands (U.S.),2015,,,191.6,34007.35,107712
West Bank and Gaza,2015,4.66,,101.4,3272.15,4270092
"Yemen, Rep.",2015,,13550.0,5490.0,1488.42,28516545
Zambia,2015,4.62,4960.0,457551.0,1307.91,16248230
Zimbabwe,2015,5.81,12430.0,176749.3,1410.33,14154937
Afghanistan,2016,3.51,5300.0,12084.4,520.25,34636207
Albania,2016,3.96,4480.0,7891.8,4124.06,2876101
Algeria,2016,7.34,154910.0,19560.0,3967.2,40339329
American Samoa,2016,,,172.5,13300.82,50448
Andorra,2016,3.24,470.0,160.0,39932.16,72540
Angola,2016,2.75,29760.0,688276.2,1709.52,29154746
Antigua and Barbuda,2016,2.43,500.0,83.8,15862.65,90564
Argentina,2016,5.55,183160.0,290100.0,12790.24,43590368
Armenia,2016,2.76,5070.0,3293.1,3679.95,2865835
Aruba,2016,5.49,,4.2,28451.27,104874
Australia,2016,5.29,384989.99,1340372.0,49875.57,24190907
Austria,2016,5.48,63680.0,38847.9,45307.59,8736668
Azerbaijan,2016,2.9,32240.0,10874.75,3880.74,9757812
"Bahamas, The",2016,2.33,2040.0,5098.6,29887.16,395976
Bahrain,2016,2.87,30300.0,6.2,22867.18,1409661
Bangladesh,2016,2.22,74380.0,18834.0,1659.96,159784568
Barbados,2016,4.71,1290.0,63.0,17343.73,278649
Belarus,2016,4.95,55140.0,87096.0,5039.68,9469379
Belgium,2016,6.46,94220.0,6893.0,42012.62,11331422
Belize,2016,7.29,650.0,13216.8,6148.71,367313
Benin,2016,2.9,6740.0,33351.5,1049.82,11260085
Bermuda,2016,1.92,,10.0,106885.88,64554
Bhutan,2016,6.99,930.0,27171.6,2879.55,749761
Bolivia,2016,8.85,22010.0,517506.8,3013.5,11263015
Bosnia and Herzegovina,2016,,22340.0,21765.1,4858.78,3480986
Botswana,2016,7.97,6630.0,157279.0,6411.53,2352416
Brazil,2016,6.31,447079.99,5020821.0,8680.77,206859578
British Virgin Islands,2016,3.8,,36.2,,29739
Brunei Darussalam,2016,4.43,6970.0,3800.0,26762.95,425994
Bulgaria,2016,3.4,41590.0,38410.0,7569.48,7127822
Burkina Faso,2016,,3700.0,64164.0,665.79,19275498
Burundi,2016,4.69,440.0,2796.4,242.07,10903327
Cabo Verde,2016,5.29,550.0,445.2,2978.2,558394
Cambodia,2016,2.06,11070.0,86911.3,1281.11,15624584
Cameroon,2016,2.56,9080.0,205644.8,1426.07,23711630
Canada,2016,4.82,556830.02,3470760.4,42315.6,36109487
Cayman Islands,2016,,,127.2,78861.12,62255
Central African Republic,2016,1.75,210.0,224230.0,372.14,4904177
Chad,2016,2.3,2210.0,47690.0,691.98,14592585
Channel Islands,2016,,,,,163721
Chile,2016,5.34,86490.0,177190.1,13785.69,18083879
China,2016,3.79,9874660.16,2124598.67,8094.36,1387790000
Colombia,2016,4.48,82680.0,599594.9,5938.46,47625955
Comoros,2016,,220.0,346.7,1357.27,746232
"Congo, Dem. Rep.",2016,2.12,2420.0,1305607.4,456.03,81430977
"Congo, Rep.",2016,5.24,5500.0,220030.0,1970.25,5186824
Costa Rica,2016,6.89,8080.0,29694.0,11899.81,4945205
Cote d'Ivoire,2016,3.97,9590.0,32882.6,1980.88,24213622
Croatia,2016,4.72,16880.0,19241.2,12552.26,4174349
Cuba,2016,0.0,27170.0,32410.0,8055.89,11342012
Curacao,2016,6.99,,0.7,18881.83,159664
Cyprus,2016,6.15,7220.0,1726.1,24715.73,1197881
Czechia,2016,5.55,101730.0,26698.5,18575.23,10566332
Denmark,2016,7.48,35320.0,6246.6,54664.0,5728010
Djibouti,2016,3.92,420.0,56.0,2545.74,1023261
Dominica,2016,5.13,180.0,478.7,8223.04,70075
Dominican Republic,2016,3.85,24590.0,21117.4,7191.08,10527592
Ecuador,2016,4.36,39810.0,127549.1,6079.09,16439585
"Egypt, Arab Rep.",2016,4.05,231230.0,449.8,3331.61,99784030
El Salvador,2016,3.83,7170.0,6018.8,3870.31,6250510
Equatorial Guinea,2016,,6660.0,24818.6,8035.31,1398927
Eritrea,2016,,660.0,10679.0,,3365287
Estonia,2016,5.16,15990.0,24212.5,18295.34,1315790
Eswatini,2016,5.41,840.0,4927.2,3339.99,1142524
Ethiopia,2016,5.06,14970.0,173605.0,705.62,105293228
Faroe Islands,2016,7.58,,0.8,56834.07,49500
Fiji,2016,4.84,1520.0,11133.0,5368.42,918371
Finland,2016,6.85,45700.0,224090.0,43814.03,5495303
France,2016,5.42,313920.01,169194.0,37062.53,66724104
French Polynesia,2016,,,1494.6,18726.64,293541
Gabon,2016,2.66,6420.0,235781.2,6722.2,2086206
"Gambia, The",2016,2.02,530.0,2656.0,640.68,2317206
Georgia,2016,3.59,9650.0,28224.0,4062.17,3727505
Germany,2016,4.84,747150.02,114190.0,42136.12,82348669
Ghana,2016,4.39,16070.0,79222.4,1900.41,29554303
Gibraltar,2016,,,0.0,,32565
Greece,2016,3.97,66850.0,39018.0,17923.97,10775971
Greenland,2016,11.09,,2.2,48181.87,56186
Grenada,2016,,280.0,177.0,8849.51,119966
Guam,2016,,,280.0,35052.81,168346
Guatemala,2016,2.94,17490.0,35742.0,4173.3,15827690
Guinea,2016,2.54,2820.0,63490.0,720.47,11930985
Guinea-Bissau,2016,2.3,310.0,20137.7,642.67,1834552
Guyana,2016,4.74,2480.0,184521.6,5905.38,759087
Haiti,2016,1.4,3360.0,3597.4,1305.57,10713849
Honduras,2016,5.16,9470.0,64430.5,2295.54,9460798
"Hong Kong SAR, China",2016,3.29,,,43733.92,7336600
Hungary,2016,4.61,44250.0,20587.3,13104.7,9814023
Iceland,2016,7.43,1630.0,486.6,61987.93,335439
India,2016,4.25,2195250.0,710944.0,1714.28,1338636340
Indonesia,2016,3.5,482510.01,952718.0,3558.82,261850182
"Iran, Islamic Rep.",2016,3.37,607210.02,107020.8,5497.24,83306231
Iraq,2016,4.71,142230.0,8250.0,4305.2,38697943
Ireland,2016,3.74,38820.0,7623.5,62895.91,4755335
Isle of Man,2016,,,34.6,82045.44,83450
Israel,2016,5.86,64980.0,1400.0,37690.47,8546000
Italy,2016,3.82,333340.0,93508.9,30960.73,60627498
Jamaica,2016,5.31,7570.0,5813.4,5022.7,2802695
Japan,2016,3.15,1167790.04,249400.0,39375.47,127076000
Jordan,2016,3.45,24820.0,975.0,4003.4,9964656
Kazakhstan,2016,2.98,202149.99,33377.1,7714.84,17794055
Kenya,2016,4.9,19110.0,35519.7,1562.08,47894670
Kiribati,2016,10.09,70.0,11.8,1506.25,118513
"Korea, Dem. People's Rep.",2016,,30000.0,61150.1,,25389611
"Korea, Rep.",2016,4.33,615880.0,63250.0,29288.87,51217803
Kosovo,2016,,,,3759.56,1777557
Kuwait,2016,5.85,91550.0,62.5,27030.0,4048085
Kyrgyz Republic,2016,6.59,9700.0,12562.4,1120.67,6079500
Lao PDR,2016,2.77,15700.0,167335.0,2309.05,6891363
Latvia,2016,4.66,7150.0,33953.1,14331.75,1959537
Lebanon,2016,2.12,27810.0,1409.3,8172.3,6258619
Lesotho,2016,7.76,690.0,345.2,986.27,2143872
Liberia,2016,2.15,1410.0,77384.8,722.13,4706097
Libya,2016,,50950.0,2170.0,7944.83,6282196
Liechtenstein,2016,,150.0,67.0,165844.99,37609
Lithuania,2016,4.0,11200.0,21900.0,15008.31,2868231
Luxembourg,2016,3.49,8850.0,887.0,106899.29,582014
"Macao SAR, China",2016,3.1,,,71918.73,626688
Madagascar,2016,2.69,3180.0,124826.8,464.62,25501941
Malawi,2016,4.75,1120.0,24097.0,312.14,17405624
Malaysia,2016,4.75,235960.01,193146.4,9555.65,31526418
Maldives,2016,3.69,1760.0,8.2,9640.32,454252
Mali,2016,3.09,4670.0,132960.0,750.05,18700106
Malta,2016,5.08,1350.0,3.8,25624.46,455356
Marshall Islands,2016,15.28,180.0,94.0,4153.12,48329
Mauritania,2016,1.94,3260.0,3346.0,1579.2,4051890
Mauritius,2016,5.01,4040.0,382.9,9967.88,1263473
Mexico,2016,4.91,473310.0,662031.5,8875.06,121519221
"Micronesia, Fed. Sts.",2016,13.51,170.0,643.0,3022.65,109925
Moldova,2016,5.61,8140.0,3865.0,2879.39,2803186
Monaco,2016,1.37,,0.0,174610.64,37071
Mongolia,2016,5.2,18170.0,141772.2,3690.76,3029555
Montenegro,2016,,2150.0,8270.0,7033.6,622303
Morocco,2016,5.49,60320.0,56997.9,3132.94,35107264
Mozambique,2016,5.87,7280.0,376282.9,430.99,27696493
Myanmar,2016,1.9,21860.0,297027.3,1161.86,51892349
Namibia,2016,10.64,4130.0,69229.4,4614.88,2323352
Nauru,2016,6.2,60.0,0.0,8719.37,11437
Nepal,2016,3.48,10410.0,59620.3,880.22,27861186
Netherlands,2016,5.48,158539.99,3657.6,46039.11,17030314
New Caledonia,2016,,,8384.2,32286.92,270220
New Zealand,2016,6.41,31190.0,98467.5,40058.2,4714100
Nicaragua,2016,4.08,5380.0,38075.3,2079.45,6389235
Niger,2016,2.96,2110.0,11293.8,497.04,20921743
Nigeria,2016,,110830.0,222801.48,2144.78,188666931
North Macedonia,2016,,7300.0,10016.7,5149.59,2072490
Northern Mariana Islands,2016,,,243.6,24054.92,51133
Norway,2016,8.03,38760.0,121488.0,70460.56,5234519
Oman,2016,,72130.0,28.0,17082.21,4398070
Pakistan,2016,3.0,181110.0,38682.4,1468.82,213524840
Palau,2016,5.86,250.0,410.8,16743.38,17816
Panama,2016,2.85,10770.0,42595.0,14382.23,4026336
Papua New Guinea,2016,,7660.0,359898.8,2332.7,8899169
Paraguay,2016,3.43,7180.0,173331.3,5759.04,6266615
Peru,2016,3.81,56860.0,730102.8,6163.79,31132779
Philippines,2016,3.03,121960.0,70490.4,3038.15,104875266
Poland,2016,4.63,299799.99,94350.0,12378.76,37970087
Portugal,2016,4.77,48760.0,33120.0,19991.97,10325452
Puerto Rico,2016,4.26,,4943.7,30627.16,3406672
Qatar,2016,,86920.0,0.0,58467.24,2595166
Romania,2016,2.98,71590.0,69290.5,9404.34,19702267
Russian Federation,2016,3.76,1571520.02,8151210.3,8704.9,144342397
Rwanda,2016,3.44,1160.0,2720.0,728.43,11930899
Samoa,2016,4.16,300.0,1635.9,4105.83,205544
San Marino,2016,3.34,,10.0,43399.46,33834
Sao Tome and Principe,2016,5.17,130.0,543.8,1688.38,204632
Saudi Arabia,2016,8.51,561229.98,9770.0,19300.05,33416270
Senegal,2016,5.11,10130.0,82281.6,1290.75,14751356
Serbia,2016,3.63,46620.0,27201.8,5765.2,7058322
Seychelles,2016,4.42,580.0,337.0,15740.13,94677
Sierra Leone,2016,3.06,930.0,26138.0,490.37,7493913
Singapore,2016,2.87,46100.0,162.85,56860.41,5607283
Sint Maarten (Dutch part),2016,,,3.7,31616.68,39969
Slovak Republic,2016,3.91,31500.0,19233.7,16563.44,5430798
Slovenia,2016,4.79,13900.0,12459.7,21678.36,2065042
Solomon Islands,2016,12.0,360.0,25258.9,2196.27,628102
Somalia,2016,,660.0,62870.0,387.19,14292847
South Africa,2016,5.44,425140.01,171956.9,5735.07,56422274
South Sudan,2016,1.54,1730.0,71570.0,,11066105
Spain,2016,4.23,247030.0,185552.4,26537.16,46484062
Sri Lanka,2016,3.45,21930.0,21256.6,4150.93,21203000
St. Kitts and Nevis,2016,4.15,240.0,110.0,21095.25,47788
St. Lucia,2016,5.21,510.0,207.7,10574.39,176413
St. Martin (French part),2016,,,12.4,,34811
St. Vincent and the Grenadines,2016,5.73,260.0,285.4,7684.78,105963
Sudan,2016,,21130.0,190481.9,2614.3,39377169
Suriname,2016,5.64,2950.0,152403.2,5705.43,581453
Sweden,2016,7.62,38780.0,279800.0,51965.16,9923085
Switzerland,2016,4.93,39670.0,12553.5,82153.07,8373338
Syrian Arab Republic,2016,,26340.0,5220.8,664.34,18964252
Tajikistan,2016,5.76,6090.0,4218.0,801.39,8725318
Tanzania,2016,4.1,11200.0,476210.0,942.47,54401802
Thailand,2016,3.77,261600.01,200170.0,5854.46,70607037
Timor-Leste,2016,6.02,600.0,9267.0,1347.93,1224562
Togo,2016,3.69,2300.0,12211.1,787.28,7661354
Tonga,2016,,150.0,89.5,3978.36,105707
Trinidad and Tobago,2016,3.95,18310.0,2298.7,15991.11,1469330
Tunisia,2016,7.32,29610.0,6966.1,3796.17,11685667
Turkiye,2016,4.63,374590.0,216303.0,10734.38,81019394
Turkmenistan,2016,,73340.0,41270.0,6163.25,5868561
Turks and Caicos Islands,2016,2.91,,105.2,26995.03,38246
Tuvalu,2016,,10.0,10.0,3836.11,10852
Uganda,2016,2.14,4950.0,25029.1,753.68,38748299
Ukraine,2016,5.01,201660.0,96640.0,2187.73,45004673
United Arab Emirates,2016,1.74,201080.0,3173.0,41054.54,8994263
United Kingdom,2016,5.38,380810.0,31590.0,41146.08,65611593
United States,2016,4.8,4894500.0,3100950.0,57866.74,323071755
Uruguay,2016,4.38,6520.0,19470.0,16766.43,3413766
Uzbekistan,2016,5.38,105230.0,35863.0,2704.68,31847900
Vanuatu,2016,,180.0,4423.0,2757.2,283218
"Venezuela, RB",2016,1.19,151070.01,465432.6,,30741464
Vietnam,2016,4.34,223720.0,143776.8,2760.72,93126529
Virgin Islands (U.S.),2016,,,193.1,35324.97,107516
West Bank and Gaza,2016,4.98,,101.4,3527.61,4367088
"Yemen, Rep.",2016,,10850.0,5490.0,1069.82,29274002
Zambia,2016,3.75,5320.0,455668.0,1249.92,16767761
Zimbabwe,2016,5.47,11020.0,176288.6,1421.79,14452704
Afghanistan,2017,3.37,4780.0,12084.4,530.15,35643418
Albania,2017,3.61,5140.0,7889.02,4531.02,2873457
Algeria,2017,6.51,158340.0,19430.0,4134.94,41136546
American Samoa,2017,,,172.2,12372.88,49463
Andorra,2017,3.22,470.0,160.0,40632.48,73837
Angola,2017,2.47,24250.0,682725.7,2283.21,30208628
Antigua and Barbuda,2017,2.45,500.0,83.2,16110.56,91119
Argentina,2017,5.45,179320.01,288990.0,14613.04,44044811
Armenia,2017,2.71,5370.0,3291.0,4042.0,2851923
Aruba,2017,,,4.2,29326.71,105439
Australia,2017,5.14,389160.0,1340174.0,53936.14,24594202
Austria,2017,5.37,65860.0,38883.8,47429.16,8797566
Azerbaijan,2017,2.47,31960.0,10971.85,4147.09,9854033
"Bahamas, The",2017,2.42,2170.0,5098.6,30969.88,399020
Bahrain,2017,2.32,30520.0,6.4,24349.91,1456834
Bangladesh,2017,2.22,79340.0,18834.0,1815.61,161793964
Barbados,2017,4.37,1180.0,63.0,17843.2,279187
Belarus,2017,4.79,56010.0,87241.0,5785.67,9458989
Belgium,2017,6.43,92720.0,6893.0,44198.48,11375158
Belize,2017,7.45,640.0,13105.2,6100.99,374693
Benin,2017,3.54,6870.0,32851.5,1095.27,11596779
Bermuda,2017,1.32,,10.0,111820.58,63873
Bhutan,2017,7.4,970.0,27191.4,3240.7,756121
Bolivia,2017,8.66,22750.0,514922.2,3280.01,11435533
Bosnia and Herzegovina,2017,,22680.0,21879.1,5255.81,3440027
Botswana,2017,7.3,7330.0,156096.0,6705.35,2401840
Brazil,2017,6.32,456489.99,5000916.0,9896.68,208504960
British Virgin Islands,2017,2.46,,36.2,,30060
Brunei Darussalam,2017,,7290.0,3800.0,28186.8,430276
Bulgaria,2017,4.08,43880.0,38540.0,8366.29,7075947
Burkina Faso,2017,5.63,4270.0,63664.0,711.18,19835858
Burundi,2017,4.76,530.0,2796.4,243.14,11155593
Cabo Verde,2017,5.18,590.0,448.2,3132.62,564954
Cambodia,2017,2.32,12690.0,85354.4,1400.9,15830689
Cameroon,2017,3.06,9170.0,205084.8,1479.86,24393181
Canada,2017,4.96,568080.02,3470390.5,45129.43,36545236
Cayman Islands,2017,,,127.2,81258.04,63581
Central African Republic,2017,1.75,220.0,223930.0,414.74,4996741
Chad,2017,2.45,2150.0,46510.0,662.9,15085884
Channel Islands,2017,,,,,165215
Chile,2017,5.42,87070.0,178419.4,15045.53,18368577
China,2017,3.67,10096009.77,2143394.7,8816.99,1396215000
Colombia,2017,4.54,74990.0,597397.7,6450.32,48351671
Comoros,2017,,280.0,342.3,1414.59,761664
"Congo, Dem. Rep.",2017,1.45,2850.0,1294593.7,451.09,84283273
"Congo, Rep.",2017,4.45,5410.0,219910.0,2088.5,5312340
Costa Rica,2017,7.07,8260.0,29857.7,12118.13,4993842
Cote d'Ivoire,2017,3.8,10560.0,31753.7,2076.15,24848016
Croatia,2017,3.85,17410.0,19316.08,13655.82,4124531
Cuba,2017,0.0,26240.0,32420.0,8543.36,11336405
Curacao,2017,,,0.7,18788.81,160175
Cyprus,2017,5.72,7360.0,1725.9,26697.17,1208523
Czechia,2017,3.81,101830.0,26716.6,20636.2,10594438
Denmark,2017,7.75,33130.0,6256.0,57610.1,5764980
Djibouti,2017,3.75,420.0,56.1,2655.73,1040233
Dominica,2017,4.77,170.0,478.7,7408.09,70403
Dominican Republic,2017,3.92,23550.0,21198.3,7513.49,10647244
Ecuador,2017,4.61,38550.0,126906.4,6246.4,16696944
"Egypt, Arab Rep.",2017,,242230.0,449.8,2315.9,101789386
El Salvador,2017,3.73,6380.0,5973.8,3986.05,6266654
Equatorial Guinea,2017,,5800.0,24735.0,8410.4,1450694
Eritrea,2017,,720.0,10647.4,,3396933
Estonia,2017,4.96,16710.0,24384.0,20437.77,1317384
Eswatini,2017,6.14,890.0,4939.3,3824.05,1151390
Ethiopia,2017,5.65,15820.0,172875.0,755.75,108197950
Faroe Islands,2017,8.04,,0.8,59328.17,50230
Fiji,2017,4.65,1650.0,11199.8,5825.13,919019
Finland,2017,6.36,43020.0,224090.0,46412.14,5508214
France,2017,5.45,317829.99,170028.0,38781.05,66918020
French Polynesia,2017,,,1494.6,19743.95,295450
Gabon,2017,3.33,5330.0,235662.4,6975.7,2140215
"Gambia, The",2017,2.46,540.0,2598.7,632.0,2381182
Georgia,2017,3.57,9730.0,28224.0,4357.0,3728004
Germany,2017,4.87,732200.01,114190.0,44652.59,82657002
Ghana,2017,3.53,17010.0,79640.4,1998.74,30222262
Gibraltar,2017,,,0.0,,32602
Greece,2017,3.48,66800.0,39018.0,18582.09,10754679
Greenland,2017,11.03,,2.2,50766.6,56171
Grenada,2017,3.17,290.0,177.0,9309.23,120921
Guam,2017,,,280.0,35663.03,168606
Guatemala,2017,2.95,16570.0,35626.0,4454.05,16087418
Guinea,2017,2.32,3340.0,63090.0,843.46,12240789
Guinea-Bissau,2017,2.2,310.0,20053.3,718.25,1879826
Guyana,2017,4.66,2470.0,184429.5,6220.98,763252
Haiti,2017,1.5,3330.0,3566.3,1384.04,10863543
Honduras,2017,4.94,9260.0,64221.1,2403.3,9626842
"Hong Kong SAR, China",2017,3.31,,,46160.43,7393200
Hungary,2017,4.61,46440.0,20572.7,14621.24,9787966
Iceland,2017,7.58,1670.0,493.8,72010.15,343400
India,2017,4.31,2320409.91,713608.0,1957.97,1354195680
Indonesia,2017,2.67,517320.01,939498.0,3839.79,264498852
"Iran, Islamic Rep.",2017,3.79,626419.98,107105.9,5758.59,84505076
Iraq,2017,,155080.0,8250.0,4725.19,39621162
Ireland,2017,3.51,37780.0,7700.2,69970.95,4807388
Isle of Man,2017,,,34.6,83507.8,83580
Israel,2017,6.06,65610.0,1400.0,41114.78,8713300
Italy,2017,4.04,329190.0,94047.0,32406.72,60536709
Jamaica,2017,5.26,7220.0,5852.3,5273.15,2808376
Japan,2017,3.13,1155229.98,249350.0,38834.05,126972000
Jordan,2017,3.23,26150.0,975.0,4073.12,10215381
Kazakhstan,2017,2.75,214580.0,33669.6,9247.58,18037776
Kenya,2017,4.96,18980.0,35815.3,1675.97,48948137
Kiribati,2017,10.86,90.0,11.8,1563.55,120362
"Korea, Dem. People's Rep.",2017,,54290.0,60937.8,,25516321
"Korea, Rep.",2017,4.33,626630.0,63170.0,31616.84,51361911
Kosovo,2017,,,,4009.38,1791003
Kuwait,2017,6.37,90730.0,62.5,29263.09,4124904
Kyrgyz Republic,2017,6.03,9430.0,12606.64,1242.77,6198200
Lao PDR,2017,2.5,19050.0,166990.0,2439.46,6997917
Latvia,2017,4.37,7120.0,33991.8,15695.12,1942248
Lebanon,2017,2.13,29320.0,1415.3,8679.9,6109252
Lesotho,2017,8.16,700.0,345.2,1062.71,2170617
Liberia,2017,2.66,1280.0,77082.2,706.89,4796631
Libya,2017,,55160.0,2170.0,10529.27,6378261
Liechtenstein,2017,,160.0,67.0,170874.29,37889
Lithuania,2017,3.81,11220.0,21960.0,16885.41,2828403
Luxembourg,2017,3.49,9000.0,887.0,110193.21,596336
"Macao SAR, China",2017,2.71,,,78985.64,638609
Madagascar,2017,2.7,3470.0,124694.6,503.5,26169542
Malawi,2017,4.03,1190.0,23677.0,500.17,17881167
Malaysia,2017,4.68,227620.0,192644.9,9979.8,31975806
Maldives,2017,3.89,1860.0,8.2,10062.98,472442
Mali,2017,3.79,5180.0,132960.0,795.68,19311355
Malta,2017,4.65,1520.0,4.2,28823.53,467999
Marshall Islands,2017,15.22,180.0,94.0,4507.62,47187
Mauritania,2017,,3490.0,3292.0,1634.64,4160015
Mauritius,2017,5.02,4170.0,386.5,10844.04,1264613
Mexico,2017,4.52,471579.99,660753.8,9434.39,122839258
"Micronesia, Fed. Sts.",2017,12.42,180.0,643.3,3320.35,110430
Moldova,2017,5.62,8060.0,3865.0,3509.65,2755189
Monaco,2017,1.46,,0.0,173612.86,37044
Mongolia,2017,4.32,19580.0,141761.1,3708.25,3096030
Montenegro,2017,,2270.0,8270.0,7803.41,622373
Morocco,2017,5.12,63520.0,57115.9,3288.5,35528115
Mozambique,2017,5.51,7210.0,374066.0,462.7,28569441
Myanmar,2017,2.33,32500.0,294130.2,1175.2,52288341
Namibia,2017,9.71,4270.0,68519.3,5453.57,2364534
Nauru,2017,6.62,70.0,0.0,9361.38,11682
Nepal,2017,3.53,12480.0,59620.3,1027.97,28183426
Netherlands,2017,5.18,155759.99,3667.0,48675.22,17131296
New Caledonia,2017,,,8383.2,33874.92,270810
New Zealand,2017,6.26,32930.0,98508.5,42925.0,4813600
Nicaragua,2017,4.36,5480.0,37075.3,2127.28,6480532
Niger,2017,2.58,1910.0,11169.6,514.54,21737922
Nigeria,2017,,108500.0,221168.5,1941.88,193495907
North Macedonia,2017,,7790.0,10014.9,5450.49,2074502
Northern Mariana Islands,2017,,,243.6,30751.64,50729
Norway,2017,7.91,37720.0,121566.0,75496.75,5276968
Oman,2017,5.84,71930.0,27.0,17802.58,4541854
Pakistan,2017,2.9,198830.0,38499.2,1567.64,216379655
Palau,2017,6.59,260.0,411.6,16011.66,17837
Panama,2017,2.88,10130.0,42480.8,15185.97,4096063
Papua New Guinea,2017,1.96,7610.0,359563.5,2495.13,9114796
Paraguay,2017,3.09,8060.0,169402.7,6136.06,6355404
Peru,2017,3.93,54270.0,728347.8,6676.28,31605486
Philippines,2017,3.97,133500.0,70839.3,3077.44,106738501
Poland,2017,4.56,312859.99,94470.0,13815.62,37974826
Portugal,2017,5.02,53330.0,33120.0,21490.43,10300300
Puerto Rico,2017,3.96,,4948.6,31108.76,3325286
Qatar,2017,2.97,87540.0,0.0,59407.7,2711755
Romania,2017,3.1,74210.0,69290.5,10727.95,19588715
Russian Federation,2017,4.69,1594550.05,8153116.0,10720.33,144496739
Rwanda,2017,3.13,1190.0,2730.0,756.55,12230339
Samoa,2017,4.18,310.0,1631.1,4261.65,207630
San Marino,2017,3.37,,10.0,44885.8,34056
Sao Tome and Principe,2017,5.04,140.0,537.6,1805.52,208036
Saudi Arabia,2017,8.02,545070.01,9770.0,20138.15,34193122
Senegal,2017,4.62,9800.0,81881.6,1385.2,15157793
Serbia,2017,3.71,47340.0,27218.6,6292.54,7020858
Seychelles,2017,3.68,580.0,337.0,16416.78,95843
Sierra Leone,2017,4.66,940.0,25940.7,484.45,7677565
Singapore,2017,2.77,49140.0,161.1,61150.73,5612253
Sint Maarten (Dutch part),2017,,,3.7,29369.06,40574
Slovak Republic,2017,3.94,33580.0,19259.0,17585.2,5439232
Slovenia,2017,4.78,14120.0,12439.3,23514.03,2066388
Solomon Islands,2017,12.11,350.0,25251.6,2283.58,643634
Somalia,2017,0.13,660.0,62102.5,377.35,14864221
South Africa,2017,5.6,435649.99,171592.9,6734.48,56641209
South Sudan,2017,,1520.0,71570.0,,10658226
Spain,2017,4.21,263450.01,185593.0,28185.32,46593236
Sri Lanka,2017,2.8,23360.0,21225.0,4401.06,21444000
St. Kitts and Nevis,2017,4.25,240.0,110.0,22160.45,47785
St. Lucia,2017,3.63,530.0,207.7,11270.47,177163
St. Martin (French part),2017,,,12.4,,34496
St. Vincent and the Grenadines,2017,5.73,230.0,285.4,8030.59,105549
Sudan,2017,,20960.0,188760.3,3188.75,40679828
Suriname,2017,5.46,2500.0,152330.2,6112.85,587559
Sweden,2017,7.57,38290.0,279800.0,53791.51,10057698
Switzerland,2017,4.95,38700.0,12587.9,82254.38,8451840
Syrian Arab Republic,2017,,29340.0,5220.8,862.32,18983373
Tajikistan,2017,5.84,7370.0,4218.0,844.37,8925525
Tanzania,2017,4.43,11830.0,471520.0,976.21,56267032
Thailand,2017,3.47,258820.01,199810.0,6436.79,70898202
Timor-Leste,2017,5.14,610.0,9256.0,1283.53,1243235
Togo,2017,3.76,2070.0,12181.5,814.42,7852795
Tonga,2017,,180.0,89.5,4367.3,105415
Trinidad and Tobago,2017,3.58,18250.0,2294.5,16094.67,1478607
Tunisia,2017,,29960.0,6981.4,3569.76,11811443
Turkiye,2017,4.32,415899.99,217524.6,10464.1,82089826
Turkmenistan,2017,,73120.0,41270.0,6354.53,5968383
Turks and Caicos Islands,2017,2.74,,105.2,25659.2,39844
Tuvalu,2017,,10.0,10.0,4175.99,10828
Uganda,2017,2.25,5170.0,24616.6,766.18,40127085
Ukraine,2017,5.42,174940.0,96710.0,2638.33,44831135
United Arab Emirates,2017,1.64,197039.99,3173.0,43063.97,9068296
United Kingdom,2017,5.38,367000.0,31640.0,40621.33,66058859
United States,2017,5.11,4819370.12,3097950.0,59907.75,325122128
Uruguay,2017,4.47,6100.0,19680.0,18769.79,3422200
Uzbekistan,2017,5.03,109530.0,36121.36,1916.76,32388600
Vanuatu,2017,4.53,170.0,4423.0,3032.2,290239
"Venezuela, RB",2017,1.34,140820.01,464281.8,,30563433
Vietnam,2017,4.09,230450.0,144153.9,2992.07,94033048
Virgin Islands (U.S.),2017,,,194.6,35365.07,107281
West Bank and Gaza,2017,4.72,,101.4,3620.36,4454805
"Yemen, Rep.",2017,,10010.0,5490.0,893.72,30034389
Zambia,2017,3.73,6810.0,453786.7,1495.75,17298054
Zimbabwe,2017,5.82,10340.0,175827.9,1192.11,14751101
Afghanistan,2018,3.2,6070.0,12084.4,502.06,36686784
Albania,2018,3.15,5110.0,7889.0,5287.66,2866376
Algeria,2018,5.87,165539.99,19300.0,4171.8,41927007
American Samoa,2018,,,171.9,13195.94,48424
Andorra,2018,3.25,490.0,160.0,42903.44,75013
Angola,2018,2.04,23960.0,677175.1,2487.5,31273533
Antigua and Barbuda,2018,2.64,510.0,82.5,17527.17,91626
Argentina,2018,4.88,176899.99,287910.0,11795.16,44494502
Armenia,2018,2.26,5710.0,3288.9,4391.92,2836557
Aruba,2018,,,4.2,30220.59,105962
Australia,2018,5.12,387070.01,1340051.0,57207.87,24966643
Austria,2018,5.22,63060.0,38919.7,51466.56,8840521
Azerbaijan,2018,2.46,32730.0,11087.15,4739.84,9939771
"Bahamas, The",2018,2.25,2800.0,5098.6,31738.27,401906
Bahrain,2018,2.37,30810.0,6.6,25415.85,1487340
Bangladesh,2018,1.95,83450.0,18834.0,1963.41,163683958
Barbados,2018,5.43,1240.0,63.0,18224.89,279688
Belarus,2018,5.38,58950.0,87386.0,6360.06,9438785
Belgium,2018,6.38,93660.0,6893.0,47544.98,11427054
Belize,2018,7.47,630.0,12993.7,6059.16,382066
Benin,2018,2.93,7420.0,32351.5,1194.44,11940683
Bermuda,2018,1.94,,10.0,113050.74,63918
Bhutan,2018,6.8,1050.0,27211.2,3210.71,762096
Bolivia,2018,8.9,23230.0,512532.4,3471.01,11606905
Bosnia and Herzegovina,2018,,22600.0,21879.1,5936.1,3400129
Botswana,2018,6.72,7310.0,154913.0,6947.8,2451409
Brazil,2018,6.09,433989.99,4990514.0,9121.08,210166592
British Virgin Islands,2018,2.43,,36.2,,30335
Brunei Darussalam,2018,,7540.0,3800.0,31241.45,434274
Bulgaria,2018,4.05,40900.0,38670.0,9446.72,7025037
Burkina Faso,2018,5.49,4670.0,63164.0,779.2,20392723
Burundi,2018,5.08,690.0,2796.4,231.45,11493472
Cabo Verde,2018,5.37,610.0,451.2,3442.74,571202
Cambodia,2018,2.58,14580.0,83797.5,1533.32,16025238
Cameroon,2018,3.03,9590.0,204524.8,1594.06,25076747
Canada,2018,4.89,580090.03,3470020.7,46548.64,37065084
Cayman Islands,2018,2.17,,128.1,85234.84,64884
Central African Republic,2018,1.57,230.0,223630.0,435.93,5094780
Chad,2018,2.26,2190.0,45350.0,720.27,15604210
Channel Islands,2018,,,,,167259
Chile,2018,5.43,86610.0,179648.7,15795.71,18701450
China,2018,3.54,10502929.69,2162190.4,9905.34,1402760000
Colombia,2018,4.45,78590.0,595404.8,6782.04,49276961
Comoros,2018,,300.0,338.0,1531.34,776313
"Congo, Dem. Rep.",2018,,3120.0,1283579.9,546.21,87087355
"Congo, Rep.",2018,3.0,6490.0,219760.0,2512.38,5441062
Costa Rica,2018,6.77,8370.0,30021.3,12383.15,5040734
Cote d'Ivoire,2018,3.24,10190.0,30624.8,2275.5,25493988
Croatia,2018,3.91,16430.0,19341.1,15244.43,4087843
Cuba,2018,0.0,26710.0,32420.0,8831.91,11328244
Curacao,2018,6.58,,0.7,18956.1,159336
Cyprus,2018,5.15,7200.0,1725.7,29418.94,1218831
Czechia,2018,4.27,100900.0,26734.7,23424.48,10629928
Denmark,2018,6.79,33130.0,6265.6,61591.93,5793636
Djibouti,2018,3.63,400.0,56.4,2755.84,1057198
Dominica,2018,5.57,170.0,478.7,7833.2,70823
Dominican Republic,2018,3.93,25310.0,21279.2,7947.16,10765531
Ecuador,2018,4.62,40140.0,126263.7,6321.35,17015672
"Egypt, Arab Rep.",2018,,247910.0,449.8,2407.09,103740765
El Salvador,2018,3.61,6810.0,5928.8,4145.86,6276342
Equatorial Guinea,2018,,6430.0,24651.4,8719.19,1502091
Eritrea,2018,,850.0,10615.8,,3445374
Estonia,2018,5.26,15320.0,24384.0,23165.85,1321977
Eswatini,2018,5.68,910.0,4951.4,4020.27,1160428
Ethiopia,2018,5.07,17240.0,172145.0,758.3,111129438
Faroe Islands,2018,8.78,,0.8,62576.99,50955
Fiji,2018,4.84,1630.0,11266.6,6073.34,918996
Finland,2018,6.28,44580.0,224090.0,49987.63,5515525
France,2018,5.41,307049.99,170862.0,41557.85,67158348
French Polynesia,2018,,,1494.6,20614.9,297606
Gabon,2018,2.93,5120.0,235543.6,7694.91,2192012
"Gambia, The",2018,2.37,550.0,2541.4,683.32,2444916
Georgia,2018,3.52,9570.0,28224.0,4722.04,3726549
Germany,2018,4.98,707700.01,114190.0,47939.28,82905782
Ghana,2018,3.89,18680.0,79712.6,2180.04,30870641
Gibraltar,2018,,,0.0,,32648
Greece,2018,3.6,65020.0,39018.0,19756.99,10732882
Greenland,2018,10.56,,2.2,54545.3,56023
Grenada,2018,3.55,320.0,177.0,9574.28,121838
Guam,2018,,,280.0,35902.73,168678
Guatemala,2018,3.14,18320.0,35510.0,4485.73,16346950
Guinea,2018,2.38,3750.0,62690.0,944.42,12554864
Guinea-Bissau,2018,2.14,320.0,19968.9,781.64,1924955
Guyana,2018,4.45,2590.0,184337.5,6094.91,785514
Haiti,2018,1.63,3290.0,3535.2,1494.22,11012421
Honduras,2018,6.06,10050.0,64011.6,2457.69,9792850
"Hong Kong SAR, China",2018,3.33,,,48537.57,7452600
Hungary,2018,4.62,46400.0,20559.2,16425.1,9775564
Iceland,2018,7.56,1700.0,500.4,74461.48,352721
India,2018,4.36,2451929.93,716272.0,1974.38,1369003306
Indonesia,2018,3.0,576989.99,933442.7,3902.66,267066843
"Iran, Islamic Rep.",2018,3.96,637429.99,107270.3,3874.0,85617562
Iraq,2018,,163149.99,8250.0,5601.47,40590700
Ireland,2018,3.39,37660.0,7740.2,79250.39,4867316
Isle of Man,2018,,,34.6,89429.65,83775
Israel,2018,6.11,61080.0,1400.0,42406.85,8882800
Italy,2018,4.26,324880.0,94585.1,34622.17,60421760
Jamaica,2018,5.41,8610.0,5891.2,5594.49,2811835
Japan,2018,3.08,1116150.02,249350.0,39727.12,126811000
Jordan,2018,2.98,24780.0,975.0,4146.41,10459865
Kazakhstan,2018,2.62,216600.01,33962.01,9812.63,18276452
Kenya,2018,5.11,17490.0,36110.9,1845.78,49953304
Kiribati,2018,11.97,90.0,11.8,1605.01,122261
"Korea, Dem. People's Rep.",2018,,50530.0,60725.5,,25638149
"Korea, Rep.",2018,4.46,630640.01,63070.0,33436.92,51585058
Kosovo,2018,,,,4384.05,1797085
Kuwait,2018,6.39,91390.0,62.5,32007.52,4317185
Kyrgyz Republic,2018,5.55,11250.0,12789.0,1308.14,6322800
Lao PDR,2018,2.34,19360.0,166645.0,2553.36,7105006
Latvia,2018,4.24,7790.0,34030.5,17865.03,1927174
Lebanon,2018,2.52,27790.0,1421.3,9225.85,5950839
Lesotho,2018,7.29,730.0,345.2,1161.73,2198017
Liberia,2018,2.5,1130.0,76779.6,700.04,4889391
Libya,2018,,56620.0,2170.0,11838.01,6477793
Liechtenstein,2018,,140.0,67.0,175283.63,38181
Lithuania,2018,3.89,11650.0,21980.0,19186.36,2801543
Luxembourg,2018,3.65,9320.0,887.0,116786.51,607950
"Macao SAR, China",2018,2.73,,,84923.39,650991
Madagascar,2018,2.84,3350.0,124562.4,512.54,26846541
Malawi,2018,3.32,1380.0,23257.0,537.93,18367883
Malaysia,2018,4.48,244410.0,192143.4,11074.06,32399271
Maldives,2018,3.91,2100.0,8.2,10823.64,489758
Mali,2018,3.91,5470.0,132960.0,856.36,19934298
Malta,2018,5.14,1550.0,4.6,31567.94,484630
Marshall Islands,2018,15.2,180.0,94.0,4769.19,45989
Mauritania,2018,,3690.0,3237.0,1749.95,4270712
Mauritius,2018,4.83,4130.0,386.9,11645.98,1265303
Mexico,2018,4.25,452570.01,659476.1,9857.03,124013861
"Micronesia, Fed. Sts.",2018,9.7,170.0,643.6,3623.33,110929
Moldova,2018,5.44,8540.0,3865.0,4232.21,2707203
Monaco,2018,,,0.0,194280.82,37029
Mongolia,2018,9.86,21550.0,141750.0,4165.02,3163991
Montenegro,2018,,2500.0,8270.0,8850.09,622227
Morocco,2018,5.35,64960.0,57215.9,3492.67,35927511
Mozambique,2018,5.45,6950.0,372241.68,504.54,29423878
Myanmar,2018,2.16,32940.0,291233.1,1274.92,52666014
Namibia,2018,8.88,4230.0,67809.2,5687.4,2405680
Nauru,2018,5.88,60.0,0.0,10400.99,11924
Nepal,2018,3.66,15190.0,59620.3,1161.53,28506712
Netherlands,2018,5.36,151360.0,3676.3,53044.53,17231624
New Caledonia,2018,,,8382.2,36312.73,271170
New Zealand,2018,6.05,32360.0,98551.5,43250.44,4900600
Nicaragua,2018,4.47,5110.0,36075.3,1981.86,6572233
Niger,2018,3.46,1950.0,11045.4,567.33,22577058
Nigeria,2018,,109890.0,219535.5,2125.83,198387623
North Macedonia,2018,,7300.0,10014.9,6108.74,2076217
Northern Mariana Islands,2018,,,243.6,25882.63,50304
Norway,2018,7.64,37590.0,121644.0,82267.81,5311916
Oman,2018,5.21,75600.0,26.0,19887.57,4601157
Pakistan,2018,2.6,187310.0,38085.8,1620.74,219731479
Palau,2018,6.53,250.0,412.5,15948.28,17864
Panama,2018,2.88,10060.0,42366.7,15588.34,4165255
Papua New Guinea,2018,1.87,7560.0,359228.2,2584.3,9329227
Paraguay,2018,3.28,8470.0,166609.3,6242.96,6443328
Peru,2018,3.71,54590.0,726760.4,6912.11,32203944
Philippines,2018,3.86,138570.01,71188.1,3194.67,108568836
Poland,2018,4.62,311910.0,94590.0,15504.58,37974750
Portugal,2018,4.68,49500.0,33120.0,23562.55,10283822
Puerto Rico,2018,3.65,,4953.5,31615.07,3193354
Qatar,2018,,86420.0,0.0,66264.08,2766732
Romania,2018,3.34,75190.0,69290.5,12494.48,19473970
Russian Federation,2018,4.68,1661000.0,8153116.0,11287.36,144477859
Rwanda,2018,3.07,1290.0,2740.0,769.44,12531808
Samoa,2018,4.53,290.0,1626.3,4188.99,209701
San Marino,2018,3.56,,10.0,48462.96,34156
Sao Tome and Principe,2018,5.24,140.0,531.4,1950.63,211344
Saudi Arabia,2018,7.09,521260.01,9770.0,23318.74,35018133
Senegal,2018,4.86,10180.0,81481.6,1484.24,15574909
Serbia,2018,3.58,46130.0,27220.0,7252.4,6982604
Seychelles,2018,4.5,580.0,337.0,16910.69,96762
Sierra Leone,2018,6.99,860.0,25743.4,519.65,7861281
Singapore,2018,2.86,47400.0,159.3,66859.34,5638676
Sint Maarten (Dutch part),2018,,,3.7,28988.26,40895
Slovak Republic,2018,3.97,33000.0,19259.0,19486.39,5446771
Slovenia,2018,4.94,14070.0,12419.0,26123.75,2073894
Solomon Islands,2018,10.81,360.0,25244.3,2450.48,659249
Somalia,2018,0.23,660.0,61335.0,379.99,15411094
South Africa,2018,5.64,434350.01,171228.9,7048.52,57339635
South Sudan,2018,,1550.0,71570.0,,10395329
Spain,2018,4.18,257040.01,185635.9,30379.72,46797754
Sri Lanka,2018,2.14,21690.0,21193.4,4360.58,21670000
St. Kitts and Nevis,2018,4.42,250.0,110.0,22547.92,47761
St. Lucia,2018,3.34,530.0,207.7,11563.84,177888
St. Martin (French part),2018,,,12.4,,33852
St. Vincent and the Grenadines,2018,5.69,250.0,285.4,8399.69,105281
Sudan,2018,,20860.0,187038.7,769.87,41999059
Suriname,2018,4.92,2210.0,152207.8,6730.85,593715
Sweden,2018,7.64,36010.0,279800.0,54589.06,10175214
Switzerland,2018,4.86,37480.0,12622.3,85217.37,8514329
Syrian Arab Republic,2018,,27390.0,5220.8,1104.39,19333463
Tajikistan,2018,5.56,8680.0,4218.0,850.67,9128132
Tanzania,2018,3.7,12000.0,466830.0,1010.94,58090443
Thailand,2018,3.2,257049.99,199450.0,7124.56,71127802
Timor-Leste,2018,4.82,610.0,9239.0,1239.37,1261845
Togo,2018,4.04,2310.0,12151.9,883.87,8046679
Tonga,2018,6.37,160.0,89.5,4649.58,105150
Trinidad and Tobago,2018,3.3,17780.0,2290.3,16164.16,1504709
Tunisia,2018,,29890.0,6996.7,3577.12,11933041
Turkiye,2018,4.29,411730.01,219083.6,9400.78,82809304
Turkmenistan,2018,,73050.0,41270.0,6721.35,6065066
Turks and Caicos Islands,2018,2.74,,105.2,26831.97,41487
Tuvalu,2018,,10.0,10.0,4401.13,10865
Uganda,2018,2.13,5860.0,24204.1,793.13,41515395
Ukraine,2018,5.32,185620.0,96780.0,3096.56,44622518
United Arab Emirates,2018,1.51,177120.0,3173.0,46722.27,9140169
United Kingdom,2018,5.17,360730.01,31730.0,43306.31,66460344
United States,2018,4.91,4975310.06,3097950.0,62823.31,326838199
Uruguay,2018,4.66,6540.0,19890.0,18825.28,3427042
Uzbekistan,2018,5.9,112470.0,36379.8,1597.07,32956100
Vanuatu,2018,,210.0,4423.0,3076.84,297298
"Venezuela, RB",2018,,132130.0,463377.6,,29825653
Vietnam,2018,4.17,285600.01,144912.9,3267.23,94914330
Virgin Islands (U.S.),2018,,,196.1,36653.86,107001
West Bank and Gaza,2018,5.32,,101.4,3562.33,4569087
"Yemen, Rep.",2018,,9720.0,5490.0,701.71,30790513
Zambia,2018,4.74,7730.0,451904.6,1475.2,17835893
Zimbabwe,2018,3.87,12380.0,175367.2,2269.18,15052184
Afghanistan,2019,3.21,6080.0,12084.4,500.52,37769499
Albania,2019,3.92,4830.0,7889.0,5396.22,2854191
Algeria,2019,6.1,171250.0,19390.0,4022.15,42705368
American Samoa,2019,,,171.6,13672.58,47321
Andorra,2019,3.15,500.0,160.0,41327.5,76343
Angola,2019,1.93,25210.0,671624.4,2142.24,32353588
Antigua and Barbuda,2019,2.83,520.0,81.8,18319.46,92117
Argentina,2019,4.72,168100.01,286810.0,9963.67,44938712
Armenia,2019,2.56,6170.0,3286.8,4828.51,2820602
Aruba,2019,,,4.2,31650.76,106442
Australia,2019,5.14,386530.0,1340051.0,54941.43,25340217
Austria,2019,5.21,64770.0,38955.6,50070.4,8879920
Azerbaijan,2019,2.68,35510.0,11202.4,4805.75,10024283
"Bahamas, The",2019,2.29,2840.0,5098.6,32610.49,404557
Bahrain,2019,2.09,33260.0,6.8,25869.11,1494188
Bangladesh,2019,1.97,90740.0,18834.0,2122.08,165516222
Barbados,2019,3.2,1250.0,63.0,19002.96,280180
Belarus,2019,4.98,57670.0,87531.0,6837.72,9419758
Belgium,2019,6.34,93010.0,6893.0,46638.68,11488980
Belize,2019,7.14,640.0,12882.1,6210.57,389095
Benin,2019,2.97,7300.0,31851.5,1170.97,12290444
Bermuda,2019,1.93,,10.0,116153.17,63911
Bhutan,2019,5.68,1050.0,27231.0,3303.96,767459
Bolivia,2019,7.67,22340.0,510337.6,3472.38,11777315
Bosnia and Herzegovina,2019,,21070.0,21879.1,6011.37,3360711
Botswana,2019,6.91,7250.0,153730.0,6679.17,2499702
Brazil,2019,5.96,434299.99,4977985.0,8845.26,211782878
British Virgin Islands,2019,2.63,,36.2,,30610
Brunei Darussalam,2019,,6990.0,3800.0,30748.74,438048
Bulgaria,2019,4.2,39140.0,38800.0,9879.33,6975761
Burkina Faso,2019,5.7,5000.0,62664.0,772.17,20951639
Burundi,2019,5.35,720.0,2796.4,216.97,11874838
Cabo Verde,2019,4.73,650.0,454.2,3434.56,577030
Cambodia,2019,2.9,16180.0,82240.6,1671.39,16207746
Cameroon,2019,3.08,9430.0,203964.8,1538.69,25782341
Canada,2019,4.77,580210.02,3469650.8,46328.67,37601230
Cayman Islands,2019,2.06,,127.2,89871.91,66134
Central African Republic,2019,1.77,240.0,223330.0,426.41,5209324
Chad,2019,2.37,2250.0,44220.0,701.62,16126866
Channel Islands,2019,,,,,169410
Chile,2019,5.62,91370.0,180878.0,14631.95,19039485
China,2019,3.54,10707219.73,2180986.1,10143.84,1407745000
Colombia,2019,4.51,81040.0,593412.0,6438.06,50187406
Comoros,2019,,320.0,333.6,1510.8,790986
"Congo, Dem. Rep.",2019,,3210.0,1272566.1,575.88,89906890
"Congo, Rep.",2019,3.58,7260.0,219610.0,2288.81,5570733
Costa Rica,2019,6.8,8240.0,30185.0,12669.34,5084532
Cote d'Ivoire,2019,3.72,10830.0,29496.0,2238.81,26147551
Croatia,2019,3.92,16520.0,19366.1,15331.88,4065253
Cuba,2019,0.0,25910.0,32420.0,9139.42,11316697
Curacao,2019,6.4,,0.7,19024.18,157441
Cyprus,2019,5.25,7190.0,1725.5,29417.14,1228836
Czechia,2019,4.54,96290.0,26752.8,23664.85,10671870
Denmark,2019,6.89,29700.0,6275.0,59592.98,5814422
Djibouti,2019,,420.0,57.0,2876.04,1073994
Dominica,2019,5.58,170.0,478.7,8561.59,71428
Dominican Republic,2019,4.04,27230.0,21360.1,8173.34,10881882
Ecuador,2019,4.23,39290.0,125621.0,6233.26,17343740
"Egypt, Arab Rep.",2019,2.61,249370.0,449.8,2869.58,105618671
El Salvador,2019,3.39,7800.0,5883.8,4280.29,6280217
Equatorial Guinea,2019,,5350.0,24567.8,7317.39,1553031
Eritrea,2019,,880.0,10584.2,,3498818
Estonia,2019,5.3,10180.0,24384.0,23424.48,1326898
Eswatini,2019,5.65,960.0,4963.5,3843.38,1169613
Ethiopia,2019,4.48,18360.0,171415.0,840.45,114120594
Faroe Islands,2019,7.64,,0.8,63383.2,51681
Fiji,2019,5.07,1630.0,11333.4,5968.3,918465
Finland,2019,6.42,40710.0,224090.0,48629.86,5521606
France,2019,5.35,300519.99,171696.0,40494.9,67388001
French Polynesia,2019,,,1494.6,20023.5,299717
Gabon,2019,2.73,5250.0,235424.8,7523.86,2242785
"Gambia, The",2019,2.79,580.0,2484.0,722.87,2508883
Georgia,2019,3.81,10110.0,28224.0,4696.15,3720161
Germany,2019,5.12,657400.02,114190.0,46793.69,83092962
Ghana,2019,,20040.0,79784.8,2167.91,31522290
Gibraltar,2019,,,0.0,,32685
Greece,2019,3.59,60000.0,39018.0,19144.28,10721582
Greenland,2019,10.15,,2.2,53256.24,56225
Grenada,2019,,330.0,177.0,9887.92,122724
Guam,2019,,,280.0,37752.63,168624
Guatemala,2019,3.2,19310.0,35394.0,4647.69,16604026
Guinea,2019,1.85,3950.0,62290.0,1043.9,12877539
Guinea-Bissau,2019,2.95,330.0,19884.5,730.61,1970457
Guyana,2019,,2850.0,184245.4,6477.3,798753
Haiti,2019,1.79,3320.0,3504.1,1324.84,11160438
Honduras,2019,4.91,10220.0,63802.1,2519.37,9958829
"Hong Kong SAR, China",2019,3.81,,,48356.06,7507900
Hungary,2019,4.24,46380.0,20544.7,16782.95,9771141
Iceland,2019,7.55,1640.0,506.9,68853.72,360563
India,2019,4.41,2456300.05,718936.0,2047.23,1383112050
Indonesia,2019,2.84,619840.03,927387.3,4151.23,269582878
"Iran, Islamic Rep.",2019,3.66,630010.01,107434.7,3277.88,86564202
Iraq,2019,,174560.0,8250.0,5621.18,41563520
Ireland,2019,3.29,35750.0,7780.2,80927.07,4934340
Isle of Man,2019,,,34.6,87157.47,83933
Israel,2019,6.13,62650.0,1400.0,44452.23,9054000
Italy,2019,4.1,317239.99,95123.2,33673.75,59729081
Jamaica,2019,5.16,8390.0,5930.0,5626.17,2813773
Japan,2019,3.16,1081569.95,249350.0,40458.0,126633000
Jordan,2019,2.99,24630.0,975.0,4205.56,10698683
Kazakhstan,2019,2.86,212110.0,34254.4,9812.6,18513673
Kenya,2019,4.97,22280.0,36110.9,1970.11,50951450
Kiribati,2019,12.39,90.0,11.8,1432.18,124241
"Korea, Dem. People's Rep.",2019,,56040.0,60513.2,,25755441
"Korea, Rep.",2019,4.68,610789.98,62970.0,31902.42,51764822
Kosovo,2019,,,,4416.11,1788878
Kuwait,2019,6.49,92650.0,62.5,30667.35,4441100
Kyrgyz Republic,2019,5.37,10050.0,12971.4,1374.03,6456200
Lao PDR,2019,2.48,18710.0,166300.0,2598.51,7212053
Latvia,2019,4.43,7570.0,34069.2,17945.22,1913822
Lebanon,2019,2.59,27950.0,1427.3,8985.57,5781907
Lesotho,2019,7.99,770.0,345.2,1102.56,2225702
Liberia,2019,2.27,1180.0,76477.0,665.88,4985289
Libya,2019,,56800.0,2170.0,10542.15,6569088
Liechtenstein,2019,,150.0,67.0,167019.62,38482
Lithuania,2019,3.97,11730.0,22000.0,19595.14,2794137
Luxembourg,2019,3.72,9490.0,887.0,112621.82,620001
"Macao SAR, China",2019,3.06,,,83183.17,663653
Madagascar,2019,2.99,4120.0,124430.3,512.28,27533134
Malawi,2019,3.71,1450.0,22837.0,584.36,18867337
Malaysia,2019,4.16,253270.0,191641.9,11132.02,32804020
Maldives,2019,4.12,2110.0,8.2,11118.56,504508
Mali,2019,3.48,5830.0,132960.0,840.18,20567424
Malta,2019,4.99,1660.0,4.6,31198.24,504062
Marshall Islands,2019,15.75,180.0,94.0,5188.97,44728
Mauritania,2019,1.82,3950.0,3183.0,1839.96,4383849
Mauritius,2019,4.72,4170.0,387.3,11405.73,1265711
Mexico,2019,,449269.99,658198.5,10145.17,125085311
"Micronesia, Fed. Sts.",2019,,180.0,643.9,3699.08,111379
Moldova,2019,6.1,8860.0,3865.0,4493.37,2664224
Monaco,2019,1.15,,0.0,199377.48,37034
Mongolia,2019,11.78,23070.0,141738.9,4394.95,3232430
Montenegro,2019,,2600.0,8270.0,8909.65,622028
Morocco,2019,5.93,71480.0,57320.9,3498.57,36304408
Mozambique,2019,6.08,7500.0,369661.1,508.16,30285595
Myanmar,2019,2.14,36720.0,288336.0,1295.2,53040212
Namibia,2019,8.93,4220.0,67099.1,5126.18,2446644
Nauru,2019,5.6,60.0,0.0,9786.03,12132
Nepal,2019,3.49,13450.0,59620.3,1185.68,28832496
Netherlands,2019,5.16,146340.0,3685.7,52476.27,17344874
New Caledonia,2019,,,8381.2,34797.52,271230
New Zealand,2019,5.16,34010.0,98655.2,42865.23,4979200
Nicaragua,2019,4.6,5240.0,35075.3,1890.27,6663924
Niger,2019,3.53,2150.0,10921.2,550.96,23443393
Nigeria,2019,,115280.0,217902.5,2204.18,203304492
North Macedonia,2019,,8300.0,10014.9,6070.39,2076694
Northern Mariana Islands,2019,,,243.6,23707.33,49858
Norway,2019,7.94,35950.0,121722.0,75719.75,5347896
Oman,2019,5.41,76030.0,25.0,19132.15,4602768
Pakistan,2019,2.51,190570.01,37672.4,1437.17,223293280
Palau,2019,6.81,250.0,413.3,15567.09,17916
Panama,2019,3.13,13340.0,42252.5,15826.08,4232532
Papua New Guinea,2019,1.68,7580.0,358892.9,2593.8,9542486
Paraguay,2019,3.47,8210.0,163816.0,5807.84,6530026
Peru,2019,3.82,56750.0,725032.0,6955.81,32824861
Philippines,2019,3.36,145420.0,71537.0,3413.85,110380804
Poland,2019,4.67,295130.0,94710.0,15699.91,37965475
Portugal,2019,4.63,44640.0,33120.0,23330.82,10286263
Puerto Rico,2019,3.56,,4958.4,32916.87,3193694
Qatar,2019,2.8,91970.0,0.0,62637.28,2807235
Romania,2019,3.58,73950.0,69290.5,12958.08,19371648
Russian Federation,2019,3.52,1703589.97,8153116.0,11536.25,144406261
Rwanda,2019,3.24,1330.0,2750.0,806.88,12835028
Samoa,2019,4.71,300.0,1621.5,4308.27,211905
San Marino,2019,3.38,,10.0,47287.4,34178
Sao Tome and Principe,2019,5.92,150.0,525.2,1991.74,214599
Saudi Arabia,2019,6.79,523780.03,9770.0,22430.24,35827362
Senegal,2019,5.35,10620.0,81081.6,1462.35,16000781
Serbia,2019,3.62,45950.0,27222.2,7417.2,6945235
Seychelles,2019,3.91,610.0,337.0,17253.51,97625
Sierra Leone,2019,7.45,900.0,25546.1,506.61,8046828
Singapore,2019,2.74,47380.0,157.5,65831.19,5703569
Sint Maarten (Dutch part),2019,,,3.7,,41608
Slovak Republic,2019,4.29,31080.0,19259.0,19383.48,5454147
Slovenia,2019,4.91,13600.0,12398.6,26016.08,2088385
Solomon Islands,2019,11.13,360.0,25237.0,2398.77,674993
Somalia,2019,0.27,690.0,60567.5,405.79,15981300
South Africa,2019,5.92,439640.01,170864.9,6688.79,58087055
South Sudan,2019,,1700.0,71570.0,,10447666
Spain,2019,4.23,239980.0,185678.8,29581.52,47134837
Sri Lanka,2019,1.93,23780.0,21161.8,4082.69,21803000
St. Kitts and Nevis,2019,4.3,250.0,110.0,23219.33,47712
St. Lucia,2019,3.27,540.0,207.7,11726.77,178583
St. Martin (French part),2019,,,12.4,,33121
St. Vincent and the Grenadines,2019,,260.0,285.4,8674.37,104924
Sudan,2019,,20620.0,185317.1,748.01,43232093
Suriname,2019,6.83,2650.0,152085.3,6690.04,600301
Sweden,2019,7.64,35000.0,279800.0,51939.43,10278887
Switzerland,2019,5.09,37380.0,12656.7,84121.93,8575280
Syrian Arab Republic,2019,,25710.0,5220.8,1116.68,20098251
Tajikistan,2019,5.71,9420.0,4228.0,889.02,9337003
Tanzania,2019,3.6,12450.0,462140.0,1052.02,59872579
Thailand,2019,3.02,267090.0,199090.0,7630.04,71307763
Timor-Leste,2019,4.14,620.0,9225.0,1584.26,1280438
Togo,2019,4.07,2370.0,12122.3,875.93,8243094
Tonga,2019,7.96,160.0,89.5,4879.02,104951
Trinidad and Tobago,2019,3.7,17190.0,2286.1,15690.96,1519955
Tunisia,2019,,29910.0,7012.0,3477.88,12049314
Turkiye,2019,4.45,396840.0,220643.6,9103.04,83481684
Turkmenistan,2019,3.12,72870.0,41270.0,7344.65,6158420
Turks and Caicos Islands,2019,2.51,,105.2,27795.15,43080
Tuvalu,2019,,10.0,10.0,4949.17,10956
Uganda,2019,1.53,5860.0,23791.5,823.14,42949080
Ukraine,2019,5.44,174730.0,96840.0,3661.46,44386203
United Arab Emirates,2019,3.87,188860.0,3173.0,45376.17,9211657
United Kingdom,2019,5.21,348920.01,31820.0,42747.08,66836327
United States,2019,4.99,4817720.21,3097950.0,65120.39,328329953
Uruguay,2019,4.7,6490.0,20100.0,17859.93,3428409
Uzbekistan,2019,7.0,116710.0,36638.2,1784.01,33580350
Vanuatu,2019,1.78,210.0,4423.0,3076.59,304404
"Venezuela, RB",2019,,112340.0,462720.0,,28971683
Vietnam,2019,4.06,336489.99,145671.9,3491.09,95776716
Virgin Islands (U.S.),2019,,,197.6,38596.03,106669
West Bank and Gaza,2019,,,101.4,3656.86,4685306
"Yemen, Rep.",2019,,11100.0,5490.0,,31546691
Zambia,2019,4.47,6800.0,450022.4,1268.12,18380477
Zimbabwe,2019,,11760.0,174906.5,1421.87,15354608
Afghanistan,2020,2.86,,12084.4,516.87,38972230
Albania,2020,3.1,,7889.0,5332.16,2837849
Algeria,2020,7.04,,19490.0,3337.25,43451666
American Samoa,2020,,,171.3,15501.53,46189
Andorra,2020,,,160.0,37207.49,77700
Angola,2020,2.42,,666073.8,1603.99,33428486
Antigua and Barbuda,2020,3.45,,81.2,14787.64,92664
Argentina,2020,5.02,,285730.0,8496.42,45376763
Armenia,2020,2.71,,3284.7,4505.87,2805608
Aruba,2020,,,4.2,24487.86,106585
Australia,2020,6.1,,1340051.0,51720.37,25655289
Austria,2020,5.07,,38991.5,48809.23,8916864
Azerbaijan,2020,4.33,,11317.7,4229.91,10093121
"Bahamas, The",2020,2.37,,5098.6,23862.71,406471
Bahrain,2020,2.15,,7.0,23501.92,1477469
Bangladesh,2020,2.05,,18834.0,2233.31,167420951
Barbados,2020,3.06,,63.0,16643.81,280693
Belarus,2020,4.95,,87676.0,6542.8,9379952
Belgium,2020,6.71,,6893.0,45517.79,11538604
Belize,2020,7.53,,12770.5,5266.88,394921
Benin,2020,3.0,,31351.5,1237.95,12643123
Bermuda,2020,1.87,,10.0,107791.89,63893
Bhutan,2020,5.9,,27250.8,3009.92,772506
Bolivia,2020,9.84,,508337.6,3068.81,11936162
Bosnia and Herzegovina,2020,,,21879.1,6012.06,3318407
Botswana,2020,8.74,,152547.0,5863.2,2546402
Brazil,2020,,,4966196.0,6794.49,213196304
British Virgin Islands,2020,2.59,,36.2,,30910
Brunei Darussalam,2020,,,3800.0,27179.41,441725
Bulgaria,2020,4.04,,38930.0,10129.81,6934015
Burkina Faso,2020,5.52,,62164.0,833.24,21522626
Burundi,2020,5.04,,2796.4,216.83,12220227
Cabo Verde,2020,7.58,,457.2,2924.1,582640
Cambodia,2020,3.13,,80683.7,1577.91,16396860
Cameroon,2020,3.17,,203404.8,1539.13,26491087
Canada,2020,5.17,,3469281.0,43258.26,38037204
Cayman Islands,2020,,,127.2,83329.46,67311
Central African Republic,2020,2.17,,223030.0,435.47,5343020
Chad,2020,2.91,,43130.0,643.77,16644701
Channel Islands,2020,,,,,171113
Chile,2020,,,182107.0,13094.46,19300315
China,2020,3.57,,2199781.8,10408.67,1411100000
Colombia,2020,4.93,,591419.1,5307.22,50930662
Comoros,2020,,,329.2,1519.59,806166
"Congo, Dem. Rep.",2020,2.45,,1261552.4,524.67,92853164
"Congo, Rep.",2020,4.45,,219460.0,1838.45,5702174
Costa Rica,2020,6.71,,30348.7,12132.88,5123105
Cote d'Ivoire,2020,3.44,,28367.1,2288.12,26811790
Croatia,2020,5.54,,19391.1,14198.75,4047680
Cuba,2020,0.0,,32420.0,9499.59,11300698
Curacao,2020,7.43,,0.7,16109.86,154947
Cyprus,2020,6.06,,1725.3,28036.19,1237537
Czechia,2020,5.08,,26770.9,22992.88,10697858
Denmark,2020,6.38,,6284.4,60915.42,5831404
Djibouti,2020,,,58.0,2918.0,1090156
Dominica,2020,4.7,,478.7,7003.47,71995
Dominican Republic,2020,4.62,,21441.0,7167.92,10999664
Ecuador,2020,4.13,,124978.3,5645.2,17588595
"Egypt, Arab Rep.",2020,2.48,,449.8,3398.8,107465134
El Salvador,2020,4.07,,5838.8,3903.4,6292731
Equatorial Guinea,2020,,,24484.2,6327.6,1596049
Eritrea,2020,,,10552.6,,3555868
Estonia,2020,6.58,,24384.0,23595.24,1329522
Eswatini,2020,5.34,,4975.6,3372.9,1180655
Ethiopia,2020,,,170685.0,918.65,117190911
Faroe Islands,2020,,,0.8,61980.29,52415
Fiji,2020,5.68,,11400.2,4864.12,920422
Finland,2020,5.88,,224090.0,49170.75,5529543
France,2020,5.5,,172530.0,39055.28,67571107
French Polynesia,2020,,,1494.6,18910.38,301920
Gabon,2020,3.18,,235306.0,6680.08,2292573
"Gambia, The",2020,2.76,,2426.7,704.03,2573995
Georgia,2020,3.85,,28224.0,4255.74,3722716
Germany,2020,4.66,,114190.0,46772.83,83160871
Ghana,2020,,,79857.1,2176.58,32180401
Gibraltar,2020,,,0.0,,32709
Greece,2020,4.44,,39018.0,17658.95,10698599
Greenland,2020,,,2.2,54571.21,56367
Grenada,2020,,,177.0,8437.57,123663
Guam,2020,,,280.0,34780.86,169231
Guatemala,2020,3.3,,35278.0,4604.58,16858333
Guinea,2020,2.2,,61890.0,1073.66,13205153
Guinea-Bissau,2020,2.71,,19800.1,710.26,2015828
Guyana,2020,,,184153.4,6863.07,797202
Haiti,2020,1.37,,3473.0,1283.14,11306801
Honduras,2020,6.44,,63592.6,2354.12,10121763
"Hong Kong SAR, China",2020,4.41,,,46107.77,7481000
Hungary,2020,4.76,,20530.1,16120.99,9750149
Iceland,2020,7.72,,513.5,59200.18,366463
India,2020,4.47,,721600.0,1910.42,1396387127
Indonesia,2020,3.49,,921332.0,3894.27,271857970
"Iran, Islamic Rep.",2020,3.59,,107518.7,2746.42,87290193
Iraq,2020,,,8250.0,4332.3,42556984
Ireland,2020,3.1,,7820.2,85420.19,4985382
Isle of Man,2020,,,34.6,,84046
Israel,2020,7.07,,1400.0,44846.79,9215100
Italy,2020,4.27,,95661.3,31911.04,59438851
Jamaica,2020,5.62,,5968.9,4897.27,2820436
Japan,2020,3.42,,249350.0,39918.17,126261000
Jordan,2020,3.67,,975.0,4042.77,10928721
Kazakhstan,2020,4.45,,34546.8,9121.64,18755666
Kenya,2020,5.08,,36110.9,1936.42,51985780
Kiribati,2020,,,11.8,1430.55,126463
"Korea, Dem. People's Rep.",2020,,,60300.9,,25867467
"Korea, Rep.",2020,,,62870.0,31721.3,51836239
Kosovo,2020,,,,4310.81,1790133
Kuwait,2020,6.55,,62.5,24300.33,4360444
Kyrgyz Republic,2020,6.21,,13153.8,1182.52,6579900
Lao PDR,2020,2.3,,165955.0,2593.36,7319399
Latvia,2020,5.97,,34107.9,18207.14,1900449
Lebanon,2020,1.69,,1433.3,5599.96,5662923
Lesotho,2020,7.67,,345.2,989.85,2254100
Liberia,2020,2.31,,76174.4,597.53,5087584
Libya,2020,,,2170.0,7568.04,6653942
Liechtenstein,2020,,,67.0,157754.95,38756
Lithuania,2020,,,22010.0,20339.52,2794885
Luxembourg,2020,4.97,,887.0,117370.5,630419
"Macao SAR, China",2020,6.3,,,37646.32,676283
Madagascar,2020,3.1,,124298.1,462.4,28225177
Malawi,2020,2.91,,22417.0,628.7,19377061
Malaysia,2020,3.92,,191140.4,10160.78,33199993
Maldives,2020,5.8,,8.2,7282.36,514438
Mali,2020,3.76,,132960.0,822.91,21224040
Malta,2020,5.87,,4.6,28977.57,515332
Marshall Islands,2020,13.63,,94.0,5567.97,43413
Mauritania,2020,1.88,,3128.0,1868.47,4498604
Mauritius,2020,4.61,,387.7,9007.42,1265740
Mexico,2020,,,656920.8,8655.0,125998302
"Micronesia, Fed. Sts.",2020,,,644.2,3639.41,112106
Moldova,2020,6.39,,3865.0,4500.62,2635130
Monaco,2020,,,0.0,182538.64,36922
Mongolia,2020,4.66,,141727.8,4041.17,3294335
Montenegro,2020,,,8270.0,7677.15,621306
Morocco,2020,6.75,,57424.9,3258.12,36688772
Mozambique,2020,6.26,,367437.6,449.96,31178239
Myanmar,2020,,,285438.9,1477.45,53423198
Namibia,2020,9.45,,66389.0,4251.17,2489098
Nauru,2020,5.17,,0.0,9307.89,12315
Nepal,2020,4.18,,59620.3,1139.19,29348627
Netherlands,2020,5.3,,3695.0,52162.57,17441500
New Caledonia,2020,,,8380.2,34800.76,271130
New Zealand,2020,5.98,,98925.9,41596.51,5090200
Nicaragua,2020,4.63,,34075.3,1863.11,6755895
Niger,2020,3.84,,10797.0,564.82,24333639
Nigeria,2020,,,216269.5,2074.61,208327405
North Macedonia,2020,,,10014.9,5965.45,2072531
Northern Mariana Islands,2020,,,243.6,,49587
Norway,2020,5.9,,121800.0,67329.68,5379475
Oman,2020,,,25.0,16707.62,4543399
Pakistan,2020,2.37,,37259.0,1322.32,227196741
Palau,2020,,,414.1,14016.25,17972
Panama,2020,3.91,,42138.4,12569.17,4294396
Papua New Guinea,2020,1.35,,358557.6,2446.07,9749640
Paraguay,2020,3.3,,161022.6,5353.35,6618695
Peru,2020,4.25,,723303.7,6056.34,33304756
Philippines,2020,3.73,,71885.9,3224.42,112190977
Poland,2020,5.19,,94830.0,15816.99,37899070
Portugal,2020,5.01,,33120.0,22242.41,10297081
Puerto Rico,2020,3.39,,4963.3,31393.91,3281538
Qatar,2020,3.23,,0.0,52315.66,2760385
Romania,2020,3.69,,69290.5,13047.43,19265250
Russian Federation,2020,3.73,,8153116.0,10169.09,144073139
Rwanda,2020,3.33,,2760.0,774.69,13146362
Samoa,2020,4.81,,1616.7,4042.75,214929
San Marino,2020,3.42,,10.0,45320.21,34007
Sao Tome and Principe,2020,5.01,,519.0,2161.31,218641
Saudi Arabia,2020,7.81,,9770.0,19539.57,35997107
Senegal,2020,5.5,,80681.6,1490.2,16436120
Serbia,2020,,,27226.5,7733.8,6899126
Seychelles,2020,5.15,,337.0,12808.99,98462
Sierra Leone,2020,8.81,,25348.8,493.48,8233970
Singapore,2020,2.51,,155.7,60729.45,5685807
Sint Maarten (Dutch part),2020,,,3.7,,42310
Slovak Republic,2020,4.61,,19259.0,19545.74,5458827
Slovenia,2020,5.76,,12378.3,25545.24,2102419
Solomon Islands,2020,12.75,,25229.7,2222.47,691191
Somalia,2020,,,59800.0,416.22,16537016
South Africa,2020,6.19,,170500.9,5741.64,58801927
South Sudan,2020,,,71570.0,,10606227
Spain,2020,4.59,,185721.7,26959.68,47365655
Sri Lanka,2020,,,21130.2,3893.84,21919000
St. Kitts and Nevis,2020,3.4,,110.0,18566.1,47642
St. Lucia,2020,3.58,,207.7,8458.16,179237
St. Martin (French part),2020,,,12.4,,32553
St. Vincent and the Grenadines,2020,,,285.4,8335.26,104632
Sudan,2020,,,183595.5,608.33,44440486
Suriname,2020,5.01,,151962.9,4796.53,607065
Sweden,2020,7.17,,279800.0,52837.9,10353442
Switzerland,2020,5.22,,12691.1,85656.32,8638167
Syrian Arab Republic,2020,,,5220.8,533.39,20772595
Tajikistan,2020,5.92,,4238.0,852.33,9543207
Tanzania,2020,3.23,,457450.0,1042.1,61704518
Thailand,2020,3.15,,198730.0,6990.94,71475664
Timor-Leste,2020,4.15,,9211.0,1660.31,1299995
Togo,2020,3.99,,12092.7,897.19,8442580
Tonga,2020,6.52,,89.5,4606.06,105254
Trinidad and Tobago,2020,4.1,,2281.9,13871.8,1518147
Tunisia,2020,,,7027.3,3497.68,12161723
Turkiye,2020,3.36,,222203.6,8561.07,84135428
Turkmenistan,2020,,,41270.0,,6250438
Turks and Caicos Islands,2020,3.27,,105.2,20882.26,44276
Tuvalu,2020,,,10.0,4973.77,11069
Uganda,2020,2.59,,23379.0,846.77,44404611
Ukraine,2020,5.38,,96900.0,3751.74,44132049
United Arab Emirates,2020,3.88,,3173.0,37629.17,9287289
United Kingdom,2020,5.53,,31900.0,40318.56,67081000
United States,2020,6.05,,3097950.0,63530.63,331501080
Uruguay,2020,4.55,,20310.0,15619.54,3429086
Uzbekistan,2020,4.92,,36896.6,1749.66,34232050
Vanuatu,2020,2.24,,4423.0,2877.52,311685
"Venezuela, RB",2020,,,462309.0,,28490453
Vietnam,2020,4.11,,146430.9,3586.35,96648685
Virgin Islands (U.S.),2020,,,199.1,39552.17,106290
West Bank and Gaza,2020,,,101.4,3233.57,4803269
"Yemen, Rep.",2020,,,5490.0,,32284046
Zambia,2020,3.7,,448140.3,956.83,18927715
Zimbabwe,2020,,,174445.8,1372.7,15669666
